MDTU,min_min,min_max,max_min,max_max
1,0,0,0,0
2,0,0,0,0
3,0,0,0,0
4,0,0,0,0
5,0,0,0,0
6,0,0,0,0
7,0,0,0,0
8,0,0,0,0
9,0,0,0,0
10,0,0,0,0
11,0,0,0,0
12,0,0,0,0
13,0,0,0,0
14,0,0,0,0
15,0,0,0,0
16,0,0,0,0
17,0,0,0,0
18,0,0,0,0
19,0,0,0,0
20,0,0,0,0
21,0,0,0,0
22,0,0,0,0
23,0,0,0,0
24,0,0,0,0
25,0,0,0,0
26,0,0,0,0
27,0,0,0,0
28,0,0,0,0
29,0,0,0,0
30,0,0,0,0
31,0,0,0,0
32,0,0,0,0
33,0,0,0,0
34,0,0,0,0
35,0,0,0,0
36,0,0,0,0
37,0,0,0,0
38,0,0,0,0
39,0,0,0,0
40,0,0,0,0
41,0,0,0,0
42,0,0,0,0
43,0,0,0,0
44,0,0,0,0
45,0,0,0,0
46,0,0,0,0
47,0,0,0,0
48,0,0,0,0
49,0,0,0,0
50,0,0,0,0
51,0,0,0,0
52,0,0,0,0
53,0,0,0,0
54,0,0,0,0
55,0,0,0,0
56,0,0,0,0
57,0,0,0,0
58,0,0,0,0
59,0,0,0,0
60,0,0,0,0
61,0,0,0,0
62,0,0,0,0
63,0,0,0,0
64,0,0,0,0
65,0,0,0,0
66,0,0,0,0
67,0,0,0,0
68,0,0,0,0
69,0,0,0,0
70,0,0,0,0
71,0,0,0,0
72,0,0,0,0
73,0,0,0,0
74,0,0,0,0
75,0,0,0,0
76,-3.48111,0.100971,-0.785256,0.299589
77,-4.84873,0.134426,-1.11405,0.39705
78,-5.25129,0.215407,-1.35442,0.520833
79,-5.59241,0.193473,-1.35796,0.533523
80,-5.68509,0.238208,-1.33686,0.559297
81,-5.79465,0.37066,-1.39837,0.560104
82,-5.59946,0.314288,-1.36516,0.608928
83,-5.54203,0.279237,-1.38457,0.607909
84,-6.44164,0.403416,-1.38816,0.651749
85,-4.68243,0.403447,-1.35531,0.673899
86,-5.47053,0.448478,-1.56419,0.701934
87,-6.33776,0.413357,-1.41367,0.698786
88,-5.35412,0.469801,-1.32818,0.722601
89,-5.75006,0.454895,-1.36066,0.710975
90,-5.88484,0.447814,-1.36205,0.6732
91,-5.17615,0.398985,-1.33314,0.684902
92,-5.13332,0.467899,-1.39058,0.678962
93,-6.39043,0.403444,-1.6487,0.705362
94,-5.20961,0.45193,-1.31462,0.699996
95,-4.76106,0.440949,-1.51022,0.699116
96,-5.05066,0.427527,-1.42886,0.689005
97,-5.3257,0.417363,-1.41746,0.69138
98,-5.86425,0.471703,-1.38957,0.749135
99,-5.17296,0.46249,-1.39769,0.679471
100,-4.77749,0.445442,-1.36131,0.68776
101,-5.23892,0.41972,-1.3802,0.686461
102,-5.62261,0.421557,-1.37564,0.668802
103,-5.7776,0.349703,-1.41806,0.656617
104,-5.82255,0.409477,-1.44187,0.627757
105,-5.15435,0.403292,-1.41486,0.644308
106,-5.87654,0.369109,-1.44681,0.619043
107,-4.99907,0.363337,-1.42446,0.670536
108,-4.99031,0.354178,-1.45249,0.658678
109,-5.31772,0.350745,-1.4025,0.646934
110,-5.23453,0.388632,-1.48897,0.662343
111,-5.18389,0.473129,-1.33023,0.7204
112,-5.43774,0.366037,-1.33128,0.696908
113,-5.46847,0.391421,-1.35586,0.704883
114,-5.92855,0.313658,-1.49857,0.6275
115,-5.08322,0.393178,-1.37223,0.653043
116,-5.75981,0.276488,-1.52876,0.627371
117,-4.62026,0.353214,-1.47089,0.634981
118,-5.16831,0.402891,-1.3578,0.666584
119,-5.29893,0.467222,-1.45456,0.707902
120,-5.58187,0.448418,-1.33138,0.759545
121,-5.49665,0.494312,-1.38905,0.715916
122,-5.2847,0.491216,-1.30231,0.765797
123,-5.72243,0.541814,-1.30743,0.717697
124,-9.83452,0.489714,-1.33916,0.702136
125,-4.41243,0.387755,-1.47188,0.670054
126,-5.77128,0.364939,-1.39413,0.627346
127,-5.89526,0.413102,-1.49648,0.637653
128,-5.46261,0.418981,-1.41072,0.730998
129,-5.26106,0.40154,-1.46681,0.688496
130,-5.46356,0.454097,-1.35283,0.73485
131,-5.90806,0.43435,-1.36385,0.779355
132,-4.76811,0.395294,-1.4297,0.685163
133,-5.29131,0.469971,-1.4052,0.679589
134,-4.91094,0.396662,-1.42236,0.690727
135,-5.02537,0.477175,-1.3321,0.706977
136,-6.28455,0.553159,-1.4557,0.780274
137,-4.77196,0.537458,-1.33365,0.765196
138,-5.15713,0.536812,-1.35996,0.804788
139,-5.26891,0.524441,-1.4464,0.793448
140,-5.5319,0.496725,-1.35057,0.737694
141,-4.97577,0.441041,-1.40567,0.702695
142,-4.8758,0.474745,-1.38188,0.737427
143,-4.56451,0.455926,-1.35995,0.693171
144,-5.17846,0.495167,-1.3765,0.700708
145,-5.08584,0.413237,-1.28624,0.714946
146,-5.75998,0.462572,-1.31537,0.707579
147,-5.16469,0.516597,-1.31308,0.757349
148,-5.48265,0.496523,-1.3067,0.725713
149,-5.11746,0.466318,-1.40976,0.730032
150,-5.565,0.456864,-1.56753,0.720603
151,-5.28465,0.430882,-1.41754,0.734061
152,-5.26088,0.448268,-1.32286,0.701461
153,-6.68522,0.522572,-1.59633,0.727213
154,-6.41241,0.433771,-1.37216,0.685428
155,-5.36646,0.445651,-1.31867,0.699935
156,-5.41747,0.462182,-1.38628,0.768949
157,-5.46344,0.469705,-1.32026,0.72893
158,-6.02907,0.354727,-1.35663,0.722507
159,-5.45532,0.445616,-1.37702,0.64433
160,-6.17048,0.37055,-1.38044,0.681107
161,-6.0833,0.392332,-1.48576,0.686594
162,-5.88375,0.422301,-1.56899,0.687512
163,-5.39413,0.402741,-1.3661,0.637711
164,-5.70943,0.356766,-1.2477,0.654872
165,-4.74042,0.307443,-1.43813,0.604801
166,-5.95176,0.256258,-1.44068,0.581975
167,-5.427,0.361222,-1.37728,0.56171
168,-4.80025,0.350196,-1.35683,0.644437
169,-7.27192,0.329385,-1.35759,0.622397
170,-6.10006,0.347497,-1.47747,0.6265
171,-5.74687,0.364981,-1.58941,0.670161
172,-5.26148,0.344075,-1.44162,0.682776
173,-5.15441,0.35145,-1.44442,0.60202
174,-5.15554,0.348439,-1.37639,0.609174
175,-5.71349,0.41291,-1.33953,0.681219
176,-5.68218,0.420403,-1.39069,0.662461
177,-9.18721,0.38927,-1.40989,0.578577
178,-5.66219,0.297826,-1.32541,0.6166
179,-5.49749,0.268406,-1.36843,0.595707
180,-5.32248,0.311369,-1.61125,0.606219
181,-5.58823,0.366244,-1.41987,0.682416
182,-5.28031,0.305634,-1.54361,0.611468
183,-5.26415,0.34426,-1.37066,0.619022
184,-5.96813,0.231081,-1.39478,0.548483
185,-5.28816,0.26602,-1.30558,0.538705
186,-5.27669,0.23811,-1.40474,0.52195
187,-5.4018,0.21013,-1.43014,0.5467
188,-5.40457,0.195378,-1.45696,0.517911
189,-5.56051,0.155864,-1.33287,0.511229
190,-5.03887,0.244632,-1.29135,0.502165
191,-5.25833,0.15294,-1.49695,0.483681
192,-4.87553,0.100198,-1.4392,0.458785
193,-5.05554,0.129246,-1.71674,0.564002
194,-4.57267,0.164002,-1.34633,0.540123
195,-5.41479,0.102083,-1.32553,0.432336
196,-5.62471,0.136769,-1.3314,0.491076
197,-5.18033,0.141758,-1.34887,0.474202
198,-4.45457,0.0931048,-1.59503,0.51965
199,-5.73489,0.147743,-1.59668,0.46366
200,-6.07852,0.140498,-1.3517,0.48307
201,-5.80095,0.207749,-1.45956,0.453793
202,-7.77241,0.116163,-1.36652,0.540917
203,-4.87859,0.0657831,-1.32491,0.427728
204,-5.10174,0.0291464,-1.3515,0.433277
205,-5.51633,0.174652,-1.37132,0.462326
206,-5.47775,0.102778,-1.42342,0.478296
207,-5.21082,0.232801,-1.30562,0.593738
208,-5.53954,0.127786,-1.42631,0.434799
209,-5.41121,0.186375,-1.39188,0.560352
210,-6.12066,0.202589,-1.33924,0.487803
211,-5.48351,0.0920067,-1.51616,0.440417
212,-7.30882,0.0697906,-1.45753,0.426654
213,-4.60893,0.11217,-1.44779,0.456593
214,-5.30566,0.12985,-1.32017,0.512417
215,-5.72114,0.160076,-1.474,0.504752
216,-5.37877,0.0989339,-1.37615,0.470536
217,-5.57458,0.0350524,-1.45714,0.401203
218,-4.94068,0.0639473,-1.29839,0.420847
219,-4.87354,0.0693102,-1.34975,0.383263
220,-4.70958,0.0287792,-1.35154,0.498031
221,-5.28837,0.126129,-1.35427,0.470674
222,-6.56207,0.0943564,-1.36769,0.452132
223,-5.11531,0.105365,-1.29333,0.508533
224,-6.33121,0.125325,-1.52338,0.491561
225,-4.90857,0.126617,-1.46694,0.462549
226,-5.47021,0.234169,-1.38186,0.560591
227,-5.29598,0.171368,-1.37962,0.485436
228,-5.20828,0.214434,-1.29503,0.550563
229,-7.0453,0.242551,-1.34763,0.628757
230,-5.41134,0.334972,-1.40018,0.607646
231,-5.53387,0.320914,-1.39763,0.629496
232,-5.5397,0.328091,-1.54209,0.608887
233,-5.74427,0.342822,-1.42149,0.583118
234,-4.56184,0.23525,-1.39423,0.529413
235,-5.69622,0.320249,-1.47371,0.571407
236,-6.09112,0.287971,-1.39473,0.566963
237,-5.86867,0.223709,-1.32312,0.526032
238,-5.33835,0.195373,-1.39944,0.527176
239,-5.19752,0.197814,-1.3934,0.534305
240,-5.99933,0.216035,-1.38482,0.531309
241,-7.82487,0.247248,-1.46195,0.557501
242,-4.8454,0.222077,-1.55157,0.528924
243,-5.96976,0.204646,-1.53523,0.540012
244,-5.12349,0.199567,-1.47625,0.507977
245,-5.83189,0.165788,-1.42156,0.545366
246,-4.92569,0.200812,-1.37201,0.528119
247,-4.7373,0.219213,-1.32298,0.533001
248,-5.32902,0.210684,-1.48163,0.574508
249,-4.88268,0.308395,-1.43315,0.599947
250,-5.24238,0.353628,-1.35589,0.70095
251,-5.52181,0.308748,-1.39751,0.614966
252,-5.6389,0.286591,-1.36913,0.676782
253,-5.12642,0.310531,-1.43758,0.590473
254,-5.79653,0.345534,-1.3285,0.603456
255,-5.68746,0.330842,-1.41937,0.619556
256,-5.57029,0.328161,-1.40849,0.617455
257,-5.97814,0.363551,-1.33601,0.624434
258,-5.65039,0.405629,-1.36066,0.655742
259,-5.15847,0.44179,-1.42247,0.677298
260,-4.89239,0.443927,-1.3541,0.700618
261,-5.12742,0.42891,-1.29721,0.712792
262,-5.18442,0.497087,-1.44962,0.721606
263,-5.65897,0.482031,-1.341,0.714173
264,-5.00058,0.470037,-1.46774,0.75454
265,-5.55579,0.495783,-1.59134,0.757964
266,-5.3751,0.52297,-1.42189,0.759303
267,-4.83078,0.475175,-1.38983,0.781
268,-5.43756,0.523742,-1.52187,0.713503
269,-4.94835,0.448747,-1.26795,0.713121
270,-6.87711,0.467406,-1.52222,0.704147
271,-4.78798,0.404311,-1.35573,0.683768
272,-6.00902,0.436921,-1.47547,0.719666
273,-5.98583,0.400901,-1.36483,0.642073
274,-5.45957,0.406604,-1.4233,0.69321
275,-5.22914,0.363931,-1.3404,0.622026
276,-5.44387,0.391518,-1.38941,0.718302
277,-5.72828,0.412396,-1.36755,0.648248
278,-5.69758,0.404732,-1.50698,0.685903
279,-6.56771,0.389884,-1.59724,0.693818
280,-6.69448,0.41828,-1.37785,0.6829
281,-5.5734,0.370222,-1.35869,0.678164
282,-6.23821,0.452175,-1.34516,0.723273
283,-5.30969,0.477702,-1.40643,0.748921
284,-4.63661,0.60379,-1.43318,0.774298
285,-5.5744,0.515533,-1.40823,0.766583
286,-5.8026,0.520205,-1.29469,0.765154
287,-5.26066,0.560046,-1.38384,0.765456
288,-5.5473,0.48534,-1.36195,0.759426
289,-5.74837,0.451346,-1.30182,0.703986
290,-4.84804,0.44219,-1.33129,0.746996
291,-4.71384,0.41047,-1.35133,0.643607
292,-5.01675,0.378728,-1.39109,0.725008
293,-4.93834,0.479461,-1.50778,0.67883
294,-5.73981,0.450534,-1.47578,0.682313
295,-6.14241,0.327115,-1.38857,0.695335
296,-6.22248,0.404202,-1.36043,0.663113
297,-5.30963,0.386732,-1.39757,0.677162
298,-6.02795,0.359856,-1.36545,0.637014
299,-5.42981,0.376334,-1.46469,0.685201
300,-5.18597,0.419567,-1.4226,0.674451
301,-6.1805,0.406537,-1.46689,0.664436
302,-5.25466,0.413837,-1.40203,0.666865
303,-5.25069,0.413858,-1.40174,0.670352
304,-5.56558,0.538238,-1.3825,0.758301
305,-7.93893,0.490789,-1.34891,0.724146
306,-5.70238,0.437765,-1.44924,0.747073
307,-5.66352,0.58326,-1.42584,0.797707
308,-4.70841,0.55094,-1.33179,0.747887
309,-6.06786,0.576632,-1.59672,0.80604
310,-5.9472,0.579276,-1.26923,0.819102
311,-5.5401,0.550405,-1.49272,0.797246
312,-5.07468,0.506551,-1.40959,0.784385
313,-5.73848,0.515925,-1.47824,0.753493
314,-5.02669,0.49808,-1.41222,0.748306
315,-5.13516,0.53613,-1.30924,0.771759
316,-5.3434,0.54094,-1.33099,0.762981
317,-6.7428,0.57525,-1.27213,0.788072
318,-5.01303,0.530663,-1.38286,0.739537
319,-6.16079,0.543849,-1.40954,0.775176
320,-5.31163,0.52219,-1.3243,0.764922
321,-5.60047,0.506264,-1.42554,0.769175
322,-5.40032,0.498948,-1.44012,0.740184
323,-5.36216,0.567693,-1.35059,0.80108
324,-5.69778,0.484443,-1.38072,0.769127
325,-4.75086,0.514469,-1.32838,0.776527
326,-5.32843,0.465429,-1.32402,0.738862
327,-5.36981,0.468239,-1.37741,0.698582
328,-4.39708,0.433531,-1.42813,0.708759
329,-6.39052,0.429705,-1.36802,0.716478
330,-4.70292,0.470512,-1.39073,0.723115
331,-7.0248,0.474,-1.66904,0.740256
332,-5.54148,0.411116,-1.58945,0.706865
333,-5.68361,0.441866,-1.34598,0.714904
334,-5.40054,0.463739,-1.538,0.746388
335,-5.85492,0.478611,-1.3511,0.719279
336,-5.36824,0.425889,-1.50658,0.695761
337,-5.13849,0.376513,-1.31761,0.666759
338,-5.33714,0.439662,-1.41703,0.725219
339,-5.92563,0.35713,-1.42476,0.672676
340,-6.76814,0.300379,-1.39495,0.631371
341,-5.13102,0.333631,-1.37273,0.635352
342,-5.13102,0.333631,-1.37273,0.635352
343,-5.84435,0.409964,-1.50213,0.640389
344,-5.61304,0.354112,-1.41047,0.684394
345,-6.15259,0.382278,-1.48509,0.679164
346,-6.44518,0.421018,-1.32629,0.692969
347,-5.70426,0.440566,-1.5343,0.688945
348,-5.13685,0.309347,-1.36976,0.613903
349,-4.63759,0.350235,-1.52153,0.616519
350,-5.53007,0.410024,-1.55535,0.638124
351,-5.13664,0.355748,-1.50048,0.630962
352,-4.81895,0.379432,-1.41325,0.639623
353,-5.96505,0.409822,-1.30188,0.648371
354,-6.25059,0.290226,-1.35294,0.59594
355,-5.96535,0.25102,-1.37797,0.619904
356,-6.631,0.339971,-1.38213,0.619808
357,-5.61824,0.303352,-1.30722,0.624981
358,-4.93748,0.388412,-1.33047,0.692931
359,-5.37257,0.390649,-1.37807,0.676016
360,-5.22683,0.41966,-1.40449,0.713644
361,-4.89513,0.41787,-1.28702,0.630869
362,-6.44539,0.473968,-1.43351,0.747832
363,-4.89927,0.416996,-1.36655,0.759796
364,-6.02767,0.517817,-1.52401,0.787613
365,-5.65864,0.415087,-1.31008,0.718029
366,-6.44286,0.401034,-1.48207,0.742363
367,-5.41857,0.506388,-1.53563,0.70912
368,-4.8709,0.39534,-1.46042,0.690928
369,-5.92691,0.43047,-1.41657,0.720055
370,-5.53019,0.440406,-1.34503,0.716874
371,-5.85222,0.481963,-1.44767,0.741477
372,-5.47765,0.515543,-1.41269,0.735207
373,-6.27006,0.514416,-1.44915,0.736628
374,-6.16722,0.47898,-1.28937,0.787669
375,-5.42907,0.477961,-1.35184,0.733593
376,-5.141,0.538413,-1.44932,0.813099
377,-5.87258,0.550404,-1.29607,0.763538
378,-5.49307,0.528028,-1.41007,0.763795
379,-5.3758,0.587325,-1.47605,0.805079
380,-5.08749,0.586416,-1.41963,0.825136
381,-5.73926,0.55164,-1.41257,0.822975
382,-6.05476,0.57309,-1.50673,0.80333
383,-5.64925,0.536573,-1.27191,0.827138
384,-7.39742,0.586918,-1.47344,0.807947
385,-5.34946,0.589486,-1.38697,0.822352
386,-5.08064,0.583846,-1.35954,0.834902
387,-5.39471,0.571994,-1.39874,0.849904
388,-5.59969,0.657161,-1.53495,0.854891
389,-5.27339,0.654806,-1.27089,0.871847
390,-6.51219,0.605887,-1.46498,0.81468
391,-6.47051,0.575258,-1.45592,0.837039
392,-6.46852,0.680032,-1.43913,0.91629
393,-5.27048,0.581134,-1.44554,0.792597
394,-5.80483,0.532651,-1.28134,0.803712
395,-5.09931,0.479897,-1.34239,0.754122
396,-4.77276,0.495973,-1.47669,0.727022
397,-5.16904,0.448577,-1.4615,0.703604
398,-5.05226,0.486493,-1.44555,0.718892
399,-6.41206,0.476638,-1.37978,0.73363
400,-5.73724,0.52463,-1.28004,0.732072
401,-5.81979,0.494896,-1.41567,0.753197
402,-5.55303,0.462739,-1.39073,0.729977
403,-5.77066,0.5552,-1.4957,0.761566
404,-5.03399,0.550472,-1.41065,0.796393
405,-5.86524,0.516208,-1.39848,0.726279
406,-5.60791,0.492165,-1.33709,0.745237
407,-6.08985,0.485424,-1.36387,0.738318
408,-4.49213,0.525433,-1.45664,0.793388
409,-5.52941,0.545818,-1.44053,0.802659
410,-6.15365,0.604561,-1.3631,0.843671
411,-6.17294,0.638262,-1.36775,0.829416
412,-5.38951,0.691438,-1.36544,0.879549
413,-5.18294,0.683146,-1.33346,0.889279
414,-5.94571,0.609538,-1.40675,0.840726
415,-5.20644,0.582025,-1.31395,0.847424
416,-7.59848,0.639088,-1.37438,0.874626
417,-4.73193,0.69433,-1.38262,0.868209
418,-4.91177,0.633478,-1.55837,0.861743
419,-5.87434,0.6616,-1.45443,0.865729
420,-6.01697,0.637977,-1.48212,0.844756
421,-5.87364,0.674647,-1.48962,0.867467
422,-5.30711,0.646751,-1.37697,0.867971
423,-5.79461,0.659044,-1.35547,0.889854
424,-6.284,0.621952,-1.46736,0.8587
425,-6.57278,0.650469,-1.62798,0.858745
426,-6.99443,0.627737,-1.5966,0.871522
427,-5.56026,0.652098,-1.36665,0.858292
428,-5.87636,0.649559,-1.45146,0.887716
429,-5.34094,0.587732,-1.44002,0.836039
430,-5.38326,0.610803,-1.32404,0.816468
431,-5.873,0.597598,-1.3789,0.824545
432,-5.84237,0.587965,-1.41973,0.789962
433,-5.60471,0.594253,-1.43974,0.807509
434,-4.92523,0.612973,-1.47783,0.807387
435,-6.39658,0.620355,-1.37114,0.830762
436,-5.26014,0.592492,-1.32314,0.856283
437,-4.96228,0.59783,-1.27352,0.82197
438,-5.66385,0.567274,-1.45718,0.801624
439,-5.24551,0.605912,-1.46964,0.801615
440,-4.83527,0.656717,-1.3781,0.84927
441,-5.07353,0.612678,-1.37827,0.831339
442,-6.02117,0.612553,-1.35479,0.827674
443,-5.78098,0.606079,-1.37082,0.84703
444,-6.2296,0.626108,-1.40188,0.825883
445,-6.11486,0.603288,-1.34549,0.833982
446,-5.62219,0.601969,-1.36404,0.847724
447,-5.90513,0.613762,-1.52157,0.853291
448,-5.90513,0.613762,-1.52157,0.853291
449,-6.3991,0.619315,-1.43202,0.82131
450,-5.75649,0.616449,-1.35411,0.863859
451,-6.4635,0.636199,-1.47387,0.841837
452,-5.18672,0.562766,-1.3973,0.789871
453,-4.75615,0.578416,-1.31703,0.79359
454,-5.88141,0.542894,-1.36086,0.805532
455,-5.94866,0.565643,-1.37589,0.788676
456,-5.54258,0.599813,-1.55465,0.821728
457,-6.04334,0.574945,-1.41505,0.804892
458,-5.64528,0.542735,-1.32142,0.785199
459,-5.38122,0.530325,-1.47269,0.782937
460,-5.7575,0.540579,-1.33701,0.786328
461,-5.96983,0.56386,-1.49262,0.784416
462,-5.96983,0.56386,-1.49262,0.784416
463,-6.40572,0.54068,-1.25235,0.802828
464,-4.54245,0.591835,-1.38878,0.845841
465,-5.47313,0.554638,-1.42396,0.785746
466,-4.92921,0.615315,-1.4204,0.835847
467,-5.03655,0.604773,-1.39338,0.826996
468,-7.3507,0.609692,-1.51652,0.831255
469,-5.58217,0.644832,-1.39033,0.866589
470,-6.03887,0.656856,-1.3568,0.875009
471,-5.22608,0.669769,-1.33201,0.867608
472,-5.22608,0.669769,-1.33201,0.867608
473,-5.91483,0.663378,-1.41417,0.843755
474,-5.7194,0.683827,-1.51731,0.900703
475,-5.90356,0.632652,-1.35674,0.865241
476,-5.23998,0.589199,-1.42393,0.822326
477,-6.01703,0.618693,-1.42212,0.86781
478,-4.98471,0.590217,-1.46786,0.806795
479,-5.63104,0.635593,-1.28485,0.851078
480,-5.00637,0.651014,-1.43788,0.826372
481,-4.86617,0.571285,-1.49968,0.761137
482,-5.70605,0.649513,-1.25625,0.855777
483,-5.33997,0.625625,-1.66427,0.898565
484,-5.0618,0.616863,-1.3739,0.816061
485,-5.76271,0.623365,-1.39003,0.811499
486,-6.62104,0.60394,-1.40107,0.818813
487,-5.3496,0.607542,-1.34232,0.888218
488,-5.72354,0.636945,-1.24938,0.843083
489,-5.74288,0.660297,-1.57108,0.884313
490,-6.61507,0.657187,-1.46729,0.890932
491,-4.70877,0.710998,-1.40677,0.913505
492,-6.74526,0.677628,-1.6171,0.916085
493,-5.47996,0.639983,-1.36773,0.868878
494,-6.89364,0.604479,-1.36169,0.860656
495,-5.41627,0.580428,-1.39046,0.843171
496,-6.36547,0.57348,-1.40519,0.802269
497,-5.20486,0.597653,-1.56709,0.813587
498,-6.18787,0.592968,-1.45145,0.841976
499,-5.25331,0.582847,-1.46477,0.85574
500,-5.41575,0.66519,-1.50788,0.879325
501,-5.29236,0.679,-1.3768,0.879739
502,-6.15389,0.606539,-1.48402,0.907821
503,-6.24274,0.549012,-1.51303,0.764519
504,-5.35044,0.563223,-1.37451,0.786836
505,-5.45302,0.563729,-1.53485,0.773019
506,-5.11718,0.49744,-1.75518,0.802182
507,-5.29014,0.490385,-1.35749,0.795223
508,-5.37614,0.599444,-1.36793,0.787949
509,-4.74705,0.554505,-1.43135,0.773021
510,-5.10244,0.616147,-1.38874,0.812049
511,-5.72239,0.514697,-1.42736,0.76894
512,-4.97438,0.563856,-1.2513,0.830119
513,-6.87921,0.537937,-1.37229,0.767467
514,-4.89116,0.513132,-1.3795,0.780408
515,-5.13187,0.554792,-1.52883,0.797859
516,-5.70709,0.56946,-1.48336,0.821029
517,-6.35784,0.654498,-1.45633,0.851432
518,-5.44677,0.582586,-1.37384,0.842783
519,-5.49118,0.631928,-1.44231,0.836072
520,-6.71323,0.596709,-1.36494,0.860413
521,-5.71664,0.664806,-1.34989,0.898874
522,-5.24018,0.603299,-1.34951,0.834575
523,-5.52424,0.594413,-1.43163,0.822595
524,-5.78912,0.629214,-1.44883,0.846915
525,-5.17364,0.620933,-1.46318,0.879129
526,-6.03203,0.608581,-1.48915,0.82826
527,-5.37267,0.607413,-1.35488,0.803237
528,-4.87171,0.567212,-1.34547,0.812465
529,-5.848,0.601162,-1.40146,0.840967
530,-5.03369,0.585975,-1.49763,0.832781
531,-7.00601,0.617638,-1.40048,0.802144
532,-5.0758,0.581058,-1.55042,0.861012
533,-5.01916,0.59005,-1.55129,0.849048
534,-5.01916,0.59005,-1.55129,0.849048
535,-5.76386,0.604416,-1.5444,0.843211
536,-5.78108,0.604462,-1.3502,0.843835
537,-5.28382,0.619649,-1.32879,0.861815
538,-5.10968,0.651592,-1.44534,0.857136
539,-5.55008,0.685623,-1.3865,0.892847
540,-5.47957,0.600458,-1.35444,0.860628
541,-5.22691,0.631544,-1.42384,0.814265
542,-6.22217,0.620649,-1.40728,0.826337
543,-5.16138,0.630899,-1.42539,0.853775
544,-5.05313,0.649282,-1.42906,0.855196
545,-6.57729,0.619353,-1.35134,0.82953
546,-5.41002,0.603902,-1.3333,0.812044
547,-5.06212,0.577096,-1.39086,0.789632
548,-5.46175,0.553604,-1.38023,0.776198
549,-6.20032,0.566495,-1.24461,0.853467
550,-5.85398,0.537421,-1.34784,0.777445
551,-6.05662,0.513991,-1.3257,0.766925
552,-5.48373,0.554349,-1.40254,0.759896
553,-4.962,0.481239,-1.44172,0.731303
554,-5.24989,0.400531,-1.3644,0.694669
555,-5.27993,0.383043,-1.4502,0.650325
556,-6.07055,0.391613,-1.51634,0.67138
557,-5.98727,0.469825,-1.43509,0.705244
558,-4.82849,0.486536,-1.49576,0.717033
559,-5.15512,0.50007,-1.55914,0.708034
560,-5.23428,0.527327,-1.43811,0.778264
561,-5.33483,0.517431,-1.39285,0.753718
562,-4.8679,0.53885,-1.46564,0.723995
563,-5.1182,0.463842,-1.37403,0.701637
564,-5.68827,0.440031,-1.38145,0.698808
565,-5.17844,0.410402,-1.45087,0.668165
566,-5.75124,0.404697,-1.57375,0.682461
567,-7.7352,0.412652,-1.3225,0.702528
568,-5.4973,0.357856,-1.39142,0.692143
569,-5.73896,0.351851,-1.3236,0.711019
570,-5.73896,0.351851,-1.3236,0.711019
571,-5.73892,0.329262,-1.39677,0.624108
572,-6.47682,0.37148,-1.33418,0.68945
573,-6.83538,0.410705,-1.33157,0.660995
574,-5.8717,0.417014,-1.47836,0.733235
575,-4.90125,0.429649,-1.44162,0.68273
576,-5.1244,0.380259,-1.32366,0.655616
577,-5.30947,0.438146,-1.55496,0.708367
578,-4.93592,0.445365,-1.393,0.689761
579,-5.84306,0.457539,-1.43798,0.722408
580,-5.46884,0.527969,-1.35822,0.775953
581,-5.86351,0.536682,-1.40651,0.766988
582,-5.94964,0.553542,-1.40857,0.783152
583,-5.18651,0.588652,-1.54287,0.798035
584,-5.86232,0.542468,-1.48208,0.791019
585,-5.3236,0.552939,-1.42236,0.781768
586,-6.05478,0.578765,-1.37508,0.809909
587,-6.50084,0.535054,-1.34814,0.805343
588,-5.65581,0.558726,-1.39338,0.756442
589,-4.98589,0.533573,-1.3635,0.767983
590,-4.99988,0.500084,-1.4617,0.761673
591,-5.75988,0.442529,-1.37287,0.693374
592,-5.99877,0.446386,-1.45152,0.712083
593,-6.30388,0.442327,-1.33386,0.735936
594,-4.79204,0.48032,-1.29502,0.722271
595,-4.89532,0.339007,-1.37307,0.629435
596,-5.34474,0.36858,-1.44064,0.705345
597,-5.64606,0.303524,-1.43916,0.622192
598,-6.70074,0.474821,-1.37903,0.752638
599,-5.46049,0.331315,-1.3361,0.650609
600,-5.68198,0.341003,-1.47718,0.643017
601,-5.34412,0.321785,-1.28426,0.611708
602,-6.71826,0.342516,-1.32892,0.596811
603,-5.35416,0.396188,-1.34332,0.660217
604,-5.92206,0.358894,-1.43274,0.651978
605,-5.57501,0.386868,-1.35792,0.667779
606,-5.2794,0.381855,-1.31739,0.649679
607,-5.05086,0.348239,-1.46951,0.661428
608,-8.52333,0.467293,-1.45278,0.657966
609,-5.11541,0.366424,-1.35559,0.615805
610,-5.49752,0.342588,-1.40735,0.609807
611,-5.28415,0.312752,-1.38316,0.646032
612,-5.45492,0.392445,-1.44235,0.701098
613,-4.73616,0.394436,-1.36401,0.612114
614,-5.81916,0.370185,-1.47572,0.655964
615,-5.965,0.315821,-1.32165,0.637685
616,-4.73038,0.361775,-1.42604,0.689085
617,-5.89581,0.402074,-1.48245,0.641532
618,-5.47049,0.374418,-1.30787,0.725019
619,-5.82766,0.411177,-1.36065,0.683553
620,-5.87167,0.445676,-1.36631,0.699671
621,-6.38145,0.45729,-1.6136,0.715808
622,-5.24613,0.488931,-1.37504,0.74057
623,-6.26957,0.509724,-1.30301,0.740599
624,-5.72712,0.46228,-1.31002,0.740095
625,-5.52637,0.45875,-1.39284,0.731417
626,-5.49961,0.511543,-1.4878,0.746567
627,-5.11986,0.534047,-1.30782,0.787438
628,-5.19773,0.472004,-1.3175,0.750048
629,-5.01649,0.471955,-1.33833,0.670901
630,-4.80965,0.41982,-1.36547,0.681691
631,-5.23062,0.505742,-1.36938,0.747241
632,-6.03488,0.409537,-1.34861,0.696894
633,-5.45529,0.485789,-1.36242,0.687246
634,-5.08137,0.420193,-1.47675,0.68993
635,-6.60472,0.367175,-1.35502,0.647044
636,-5.23981,0.351906,-1.44434,0.619658
637,-5.99252,0.284382,-1.41564,0.597917
638,-5.3512,0.278189,-1.45136,0.568375
639,-4.86897,0.273212,-1.42947,0.595028
640,-5.28186,0.36229,-1.44033,0.653715
641,-6.61786,0.381655,-1.42597,0.647099
642,-5.74934,0.415078,-1.28875,0.711186
643,-4.62096,0.426284,-1.4579,0.739594
644,-5.51277,0.428508,-1.50559,0.663236
645,-5.38294,0.428966,-1.45956,0.683221
646,-6.34168,0.374004,-1.36911,0.678361
647,-5.36948,0.451876,-1.32149,0.70953
648,-8.41161,0.390412,-1.4159,0.625462
649,-6.57794,0.485197,-1.41382,0.739399
650,-5.47118,0.413309,-1.33468,0.697969
651,-5.10184,0.479521,-1.35271,0.717734
652,-4.44421,0.4883,-1.44704,0.748167
653,-6.18073,0.42141,-1.43056,0.785933
654,-5.84038,0.481173,-1.47725,0.751524
655,-5.58039,0.575273,-1.36692,0.784529
656,-5.81428,0.532443,-1.48237,0.777929
657,-5.79993,0.511302,-1.43815,0.784332
658,-5.36776,0.51604,-1.49905,0.768035
659,-5.34469,0.509827,-1.38113,0.803755
660,-5.96434,0.460814,-1.44327,0.753363
661,-5.04272,0.541384,-1.27529,0.746395
662,-5.38353,0.463832,-1.39884,0.678238
663,-5.54184,0.405396,-1.48401,0.706705
664,-6.75031,0.37273,-1.41295,0.613668
665,-5.50622,0.351184,-1.39931,0.649887
666,-5.02712,0.39873,-1.37976,0.621901
667,-5.88258,0.35124,-1.64492,0.662492
668,-5.28484,0.443505,-1.62681,0.637759
669,-5.75564,0.32722,-1.38952,0.595627
670,-6.25006,0.33211,-1.34463,0.631895
671,-6.99695,0.328126,-1.27867,0.626296
672,-5.16065,0.261853,-1.3292,0.56095
673,-5.68536,0.301654,-1.42947,0.613391
674,-5.57278,0.290769,-1.37124,0.570946
675,-4.9311,0.242023,-1.38324,0.537189
676,-5.29295,0.221858,-1.4377,0.529251
677,-4.55196,0.122867,-1.34816,0.453043
678,-5.00594,0.15741,-1.3182,0.507153
679,-5.14783,0.183844,-1.36998,0.461857
680,-5.94317,0.192686,-1.39551,0.48667
681,-5.16691,0.137645,-1.55743,0.465857
682,-5.6466,0.225935,-1.49552,0.535022
683,-5.3547,0.281388,-1.28071,0.561859
684,-5.55584,0.229047,-1.36795,0.5252
685,-6.13527,0.19246,-1.38316,0.567087
686,-5.05593,0.188879,-1.4882,0.482858
687,-6.19887,0.257463,-1.3555,0.56747
688,-5.62886,0.249383,-1.46435,0.552144
689,-5.21151,0.221622,-1.39945,0.555198
690,-5.74686,0.216876,-1.38408,0.565215
691,-5.91458,0.272086,-1.48779,0.58817
692,-5.624,0.31913,-1.42722,0.605367
693,-5.44116,0.362833,-1.52826,0.682793
694,-5.63284,0.429199,-1.36957,0.681024
695,-5.75157,0.367254,-1.42268,0.668778
696,-5.24599,0.300948,-1.31621,0.591869
697,-5.30611,0.339604,-1.44763,0.619391
698,-7.94737,0.386413,-1.34185,0.624356
699,-5.29408,0.400119,-1.34371,0.711356
700,-5.65573,0.310415,-1.53574,0.606487
701,-4.65583,0.366692,-1.44924,0.641962
702,-4.65583,0.366692,-1.44924,0.641962
703,-4.64262,0.382741,-1.40102,0.705094
704,-5.52225,0.377025,-1.43175,0.644408
705,-5.84176,0.386338,-1.35366,0.690318
706,-5.39746,0.351762,-1.42142,0.623727
707,-6.98318,0.424782,-1.34391,0.670551
708,-4.85338,0.324787,-1.3915,0.668531
709,-5.06988,0.310357,-1.46495,0.588586
710,-5.44347,0.282604,-1.50461,0.605705
711,-6.37036,0.287649,-1.48178,0.550611
712,-5.11283,0.294934,-1.41987,0.590915
713,-5.1042,0.288764,-1.436,0.591706
714,-5.00509,0.345336,-1.24578,0.609918
715,-5.87965,0.309703,-1.35798,0.614349
716,-6.20746,0.33524,-1.48437,0.617601
717,-5.65794,0.282836,-1.38353,0.622194
718,-5.27593,0.343626,-1.40233,0.578052
719,-5.50904,0.254309,-1.31671,0.578328
720,-5.6147,0.342654,-1.47601,0.591143
721,-4.88056,0.28778,-1.33301,0.614184
722,-4.54792,0.289416,-1.42302,0.608649
723,-5.89871,0.396015,-1.38533,0.627876
724,-6.23718,0.306436,-1.34278,0.576926
725,-5.40901,0.309591,-1.39904,0.544037
726,-4.88628,0.378833,-1.46438,0.575348
727,-5.69965,0.290013,-1.37512,0.579728
728,-6.3831,0.282181,-1.22368,0.526793
729,-7.42493,0.229511,-1.32874,0.59712
730,-5.0786,0.22739,-1.4274,0.553268
731,-5.5838,0.24983,-1.41561,0.587554
732,-6.37302,0.256973,-1.36323,0.648001
733,-5.73356,0.301247,-1.59438,0.561691
734,-4.94081,0.381297,-1.49751,0.641665
735,-6.77156,0.367326,-1.53617,0.619199
736,-5.16825,0.314811,-1.41298,0.638645
737,-5.55075,0.330879,-1.46249,0.614808
738,-5.3928,0.327952,-1.37045,0.65495
739,-6.29773,0.332459,-1.39537,0.567673
740,-5.25654,0.361177,-1.4885,0.626822
741,-5.74091,0.40712,-1.38731,0.708268
742,-6.40241,0.439459,-1.46279,0.694656
743,-5.83585,0.389752,-1.41712,0.643208
744,-5.45946,0.430261,-1.30675,0.638803
745,-7.63887,0.416878,-1.43171,0.659229
746,-6.994,0.42641,-1.49739,0.715927
747,-5.9734,0.374304,-1.34806,0.637989
748,-5.31446,0.282956,-1.40006,0.596013
749,-6.19416,0.223454,-1.36107,0.61917
750,-4.96436,0.250083,-1.53655,0.50516
751,-5.88355,0.180772,-1.4346,0.525551
752,-8.20843,0.318913,-1.3285,0.612616
753,-5.35083,0.293244,-1.424,0.580957
754,-4.85015,0.249781,-1.36935,0.588754
755,-5.33634,0.297104,-1.4041,0.568821
756,-5.8361,0.23868,-1.30223,0.559577
757,-6.50067,0.255531,-1.38862,0.533762
758,-5.17055,0.137829,-1.4489,0.478241
759,-5.35756,0.0554335,-1.42863,0.432601
760,-6.25272,0.16611,-1.27113,0.458162
761,-5.08743,0.0335136,-1.35358,0.428577
762,-5.39206,-0.00644635,-1.37811,0.414827
763,-5.11585,0.00905954,-1.421,0.350385
764,-5.7999,-0.0287169,-1.39289,0.365024
765,-5.55444,0.062387,-1.40817,0.358477
766,-6.75967,-0.0069981,-1.52605,0.361292
767,-6.13566,0.0861553,-1.32034,0.484339
768,-6.37921,0.0903267,-1.33842,0.490964
769,-4.99818,0.0707006,-1.50154,0.422882
770,-6.34445,0.144326,-1.35552,0.480737
771,-6.035,0.0797939,-1.42285,0.467978
772,-6.66334,0.0681116,-1.51881,0.443907
773,-5.0094,0.0769323,-1.45697,0.410304
774,-5.07892,0.139756,-1.35024,0.384034
775,-4.62211,0.0648357,-1.4626,0.498235
776,-5.10108,-0.0264586,-1.35891,0.361259
777,-5.79669,0.0649032,-1.54656,0.39752
778,-5.51098,0.0313494,-1.39477,0.37212
779,-5.51098,0.0313494,-1.39477,0.37212
780,-5.76754,0.060243,-1.38878,0.475251
781,-4.51028,0.0421405,-1.37484,0.452004
782,-5.13499,0.0379673,-1.34825,0.429021
783,-5.14255,0.136119,-1.46947,0.393126
784,-5.40495,0.0381974,-1.58992,0.447588
785,-4.47282,0.0499333,-1.41574,0.411226
786,-4.78968,0.0567273,-1.5037,0.47298
787,-5.5221,0.00488873,-1.30802,0.406592
788,-5.45113,0.0576921,-1.41518,0.432024
789,-5.99569,0.0312722,-1.33812,0.403005
790,-6.42465,0.0469201,-1.31581,0.374298
791,-4.84121,-0.00134668,-1.49858,0.365961
792,-5.15885,-0.0195147,-1.34605,0.395393
793,-4.8741,-0.0657184,-1.44914,0.392765
794,-5.60463,0.0946888,-1.36982,0.436286
795,-5.10215,-0.00173057,-1.39909,0.402156
796,-5.10238,-0.0347235,-1.39537,0.418834
797,-4.96657,0.0267838,-1.29348,0.372336
798,-5.69771,-0.0278634,-1.37869,0.451649
799,-4.91645,-0.0892177,-1.43807,0.350045
800,-5.63907,-0.0275105,-1.40203,0.398025
801,-5.22889,-0.0756226,-1.38046,0.323981
802,-5.34285,-0.0615772,-1.40115,0.28534
803,-6.96422,-0.066771,-1.40996,0.337941
804,-4.5015,-0.116795,-1.42978,0.367611
805,-4.79471,0.025303,-1.42952,0.409367
806,-6.23236,-0.058361,-1.41774,0.42074
807,-4.80749,0.0180105,-1.57274,0.411427
808,-5.18266,-0.0739054,-1.29322,0.363502
809,-6.0993,-0.0598753,-1.45168,0.315815
810,-5.74436,-0.195919,-1.60441,0.271334
811,-6.02777,-0.184515,-1.4404,0.267912
812,-4.56634,-0.149642,-1.35631,0.274638
813,-4.88274,-0.0946753,-1.23192,0.338335
814,-5.84665,-0.00295056,-1.31158,0.333536
815,-6.14055,0.0558336,-1.6176,0.42126
816,-5.90017,-0.0240993,-1.3146,0.348987
817,-6.01241,-0.198052,-1.52562,0.284744
818,-6.7679,-0.0704121,-1.31688,0.332056
819,-4.95381,-0.120344,-1.3562,0.305555
820,-4.87704,-0.0575149,-1.76673,0.349097
821,-4.87704,-0.0575149,-1.76673,0.349097
822,-5.48473,-0.0547397,-1.45901,0.422627
823,-5.33507,-0.0832167,-1.39155,0.291344
824,-5.55681,-0.0259604,-1.37699,0.311874
825,-5.29578,-0.138041,-1.55641,0.281674
826,-5.8949,-0.0408216,-1.4862,0.368851
827,-5.60958,0.165097,-1.41575,0.370364
828,-6.31834,0.018917,-1.39092,0.430372
829,-5.24165,0.0182475,-1.32862,0.416964
830,-5.99246,-0.0170472,-1.56277,0.327828
831,-5.08013,0.0193258,-1.34168,0.370896
832,-5.86203,0.0361315,-1.40831,0.391933
833,-4.94232,0.0493556,-1.47663,0.4672
834,-5.43194,0.0563343,-1.33499,0.444882
835,-4.79745,-0.00197791,-1.64668,0.372637
836,-6.54521,0.0132036,-1.56362,0.418012
837,-6.54521,0.0132036,-1.56362,0.418012
838,-6.22084,0.0315437,-1.40789,0.403216
839,-5.04793,0.0508427,-1.30622,0.404117
840,-5.16594,0.0848623,-1.63377,0.410713
841,-5.80724,0.130965,-1.40797,0.462842
842,-6.36842,0.0617298,-1.38011,0.388268
843,-5.62078,-0.00572362,-1.42902,0.400564
844,-6.70674,-0.110294,-1.52935,0.320586
845,-5.22662,-0.245882,-1.40797,0.281364
846,-5.06737,-0.339615,-1.35895,0.169033
847,-6.56244,-0.289025,-1.38074,0.143936
848,-5.24443,-0.361409,-1.35601,0.277764
849,-4.85117,-0.490898,-1.39396,0.0367759
850,-4.39646,-0.42882,-1.41418,0.102055
851,-6.37122,-0.528689,-1.43651,0.127686
852,-5.8121,-0.563389,-1.32824,0.0356919
853,-5.30855,-0.482449,-1.40432,0.100088
854,-5.88246,-0.430636,-1.36983,0.0567591
855,-5.61146,-0.376985,-1.27128,0.136647
856,-5.64023,-0.457474,-1.33339,0.105141
857,-5.02635,-0.533829,-1.39517,0.101107
858,-5.10327,-0.280319,-1.43655,0.139106
859,-5.2633,-0.534427,-1.34109,0.0753888
860,-5.79165,-0.473423,-1.42377,0.158528
861,-7.71014,-0.273043,-1.513,0.125871
862,-5.64627,-0.451845,-1.28614,0.117481
863,-5.78984,-0.468311,-1.34192,0.111753
864,-4.82612,-0.558767,-1.40413,0.0478926
865,-4.74406,-0.439585,-1.31982,0.118277
866,-5.38673,-0.373612,-1.50702,0.213777
867,-5.52578,-0.319862,-1.40179,0.165645
868,-4.77606,-0.236301,-1.38908,0.279378
869,-5.35818,-0.355646,-1.42376,0.204893
870,-6.46611,-0.498053,-1.35683,0.162593
871,-5.75836,-0.412835,-1.34815,0.107874
872,-5.96822,-0.39711,-1.33722,0.147788
873,-5.2395,-0.368217,-1.47075,0.131118
874,-5.96538,-0.33329,-1.37055,0.171835
875,-5.28359,-0.342559,-1.39092,0.108631
876,-5.03447,-0.497947,-1.52707,0.11237
877,-5.09127,-0.375331,-1.26143,0.0849853
878,-5.19958,-0.413486,-1.47283,0.133751
879,-5.24211,-0.304368,-1.46313,0.233147
880,-6.31678,-0.381424,-1.4842,0.154941
881,-4.95214,-0.458469,-1.34255,0.119941
882,-5.11681,-0.565041,-1.36329,0.111383
883,-5.44812,-0.457037,-1.5182,0.064973
884,-6.49142,-0.502826,-1.45794,0.116727
885,-6.08127,-0.446469,-1.3899,0.106244
886,-4.65192,-0.599774,-1.4367,0.0125929
887,-5.03362,-0.431197,-1.31565,0.117468
888,-5.33704,-0.603467,-1.23217,0.0882573
889,-5.33704,-0.603467,-1.23217,0.0882573
890,-7.43453,-0.338729,-1.27101,0.0599265
891,-4.99236,-0.491601,-1.39516,0.0717267
892,-6.02124,-0.565838,-1.31775,0.0873287
893,-5.01475,-0.697846,-1.31788,-0.00975805
894,-5.14131,-0.756314,-1.33232,-0.00726861
895,-5.42845,-0.86401,-1.42681,-0.182864
896,-6.9158,-0.757267,-1.37351,-0.0939774
897,-8.03743,-0.785248,-1.43235,-0.153645
898,-5.38204,-0.921866,-1.3607,-0.124097
899,-5.44217,-1.04721,-1.4159,-0.213643
900,-4.64972,-1.02822,-1.4579,-0.214261
901,-4.69829,-0.928491,-1.40893,-0.0943885
902,-5.15862,-1.24172,-1.32978,-0.304389
903,-6.12204,-1.16459,-1.42327,-0.316937
904,-5.20306,-0.94314,-1.36174,-0.302468
905,-5.11491,-1.09557,-1.4344,-0.209158
906,-5.1035,-1.12247,-1.40253,-0.305321
907,-5.56539,-1.24432,-1.40979,-0.338764
908,-5.01398,-1.63589,-1.39089,-0.475007
909,-5.11644,-1.46033,-1.42121,-0.504996
910,-5.84177,-1.7839,-1.35987,-0.440403
911,-5.77758,-1.58805,-1.37913,-0.381731
912,-5.28067,-1.59473,-1.4718,-0.406713
913,-4.88045,-1.75914,-1.4639,-0.505334
914,-5.3219,-2.06483,-1.5037,-0.343519
915,-5.43988,-1.81931,-1.38506,-0.471251
916,-5.2087,-1.88979,-1.53356,-0.507597
917,-5.59284,-1.96396,-1.46093,-0.520765
918,-5.58993,-1.5742,-1.40787,-0.486879
919,-5.50943,-1.43458,-1.474,-0.422816
920,-5.77873,-1.38763,-1.33069,-0.425726
921,-6.00233,-1.64607,-1.345,-0.513677
922,-5.88345,-1.74142,-1.33336,-0.436923
923,-5.10843,-1.46968,-1.39359,-0.414403
924,-4.84276,-1.48679,-1.73321,-0.41811
925,-6.36616,-1.27261,-1.413,-0.358119
926,-5.69598,-1.63311,-1.43562,-0.356633
927,-6.00588,-1.58244,-1.40271,-0.392259
928,-5.20223,-1.81766,-1.41972,-0.312205
929,-5.50569,-1.846,-1.41678,-0.537231
930,-5.07082,-1.62126,-1.32314,-0.456727
931,-5.09818,-1.62651,-1.32669,-0.479568
932,-5.27709,-1.73896,-1.33025,-0.499891
933,-6.50991,-1.65577,-1.33238,-0.419387
934,-5.79605,-1.62095,-1.36079,-0.499232
935,-5.79605,-1.62095,-1.36079,-0.499232
936,-5.71092,-1.45036,-1.37266,-0.36951
937,-5.3666,-1.57371,-1.40126,-0.376863
938,-5.77419,-1.57275,-1.36332,-0.459061
939,-6.43301,-1.14611,-1.34431,-0.405122
940,-4.7048,-1.30835,-1.39028,-0.363121
941,-5.71647,-1.69554,-1.28552,-0.232371
942,-5.14721,-1.32594,-1.37236,-0.403801
943,-4.73404,-1.4828,-1.40239,-0.424057
944,-6.11179,-1.59784,-1.40132,-0.39054
945,-6.23763,-1.6922,-1.33398,-0.404461
946,-5.11479,-1.38361,-1.42824,-0.266782
947,-5.43828,-1.13046,-1.39301,-0.28932
948,-6.07718,-0.960313,-1.34663,-0.196003
949,-5.15548,-1.33506,-1.32497,-0.222783
950,-5.43481,-1.18109,-1.51123,-0.14323
951,-5.85948,-1.31598,-1.25487,-0.274295
952,-5.49159,-1.00621,-1.33097,-0.280419
953,-6.34162,-1.26605,-1.45418,-0.289787
954,-5.0445,-1.19118,-1.55756,-0.384957
955,-4.68338,-1.34956,-1.35974,-0.203083
956,-5.68729,-1.01731,-1.43099,-0.226473
957,-5.18409,-1.27854,-1.45038,-0.190239
958,-4.91714,-0.925839,-1.43667,-0.218367
959,-5.36176,-0.802672,-1.50288,-0.119079
960,-5.3545,-0.752066,-1.42523,-0.0710314
961,-5.36217,-0.783942,-1.39328,-0.0763494
962,-4.52124,-1.03295,-1.42612,-0.0949322
963,-5.73374,-0.74117,-1.62492,-0.186822
964,-4.57627,-1.10632,-1.40405,-0.241074
965,-5.99686,-0.943288,-1.5525,-0.267217
966,-4.88257,-0.982512,-1.37798,-0.325748
967,-5.44402,-1.26818,-1.39468,-0.221385
968,-5.93394,-1.22846,-1.50597,-0.205443
969,-5.26823,-1.06758,-1.48384,-0.231624
970,-5.05434,-0.930386,-1.37381,-0.186573
971,-4.82857,-0.815,-1.43239,-0.0404926
972,-5.16209,-0.998945,-1.35457,-0.150344
973,-5.64016,-0.967083,-1.58259,-0.181723
974,-4.5682,-1.20619,-1.44045,-0.271051
975,-4.81435,-1.01626,-1.32155,-0.211902
976,-4.88677,-0.642653,-1.36381,-0.134536
977,-5.63388,-0.974577,-1.47435,-0.180046
978,-5.15546,-0.776218,-1.40819,-0.0679148
979,-5.61808,-1.02753,-1.53037,-0.106713
980,-5.52861,-0.895724,-1.29116,-0.11577
981,-5.6837,-0.981032,-1.45693,-0.197573
982,-5.21073,-0.83764,-1.38402,-0.160793
983,-6.59162,-1.06193,-1.36326,-0.244205
984,-5.44739,-1.1084,-1.39322,-0.176559
985,-6.08637,-1.07006,-1.48246,-0.163016
986,-6.01069,-0.861418,-1.40744,0.0143733
987,-4.84869,-0.985791,-1.6199,-0.0151522
988,-4.82663,-1.06806,-1.36122,-0.212369
989,-5.2926,-0.764615,-1.41974,-0.127762
990,-4.9676,-0.774341,-1.41646,-0.00734823
991,-5.27263,-0.710508,-1.27747,-0.00700027
992,-5.53822,-0.886387,-1.40739,-0.0464145
993,-5.2401,-0.765831,-1.4742,-0.108203
994,-5.45843,-0.812872,-1.36678,-0.155757
995,-5.92305,-1.03994,-1.31806,-0.183497
996,-6.2954,-0.878912,-1.3347,-0.128342
997,-4.65909,-0.925713,-1.45162,-0.11385
998,-5.19856,-1.11867,-1.44244,-0.183254
999,-4.93207,-1.14316,-1.33669,-0.194205
1000,-5.52021,-1.10095,-1.44303,-0.215741
