MDTU,plaq,Re(det),Im(det),link
2,0,0,0,1
4,0,0,0,1
6,0,0,0,1
8,0,0,0,1
10,0,0,0,1
12,0,0,0,1
14,0,0,0,1
16,0,0,0,1
18,0,0,0,1
20,0,0,0,1
22,0,0,0,1
24,0,0,0,1
26,0,0,0,1
28,0,0,0,1
30,0,0,0,1
32,0,0,0,1
34,0,0,0,1
36,0,0,0,1
38,0,0,0,1
40,0,0,0,1
42,0,0,0,1
44,0,0,0,1
46,0,0,0,1
48,0,0,0,1
50,0,0,0,1
52,0,0,0,1
54,0,0,0,1
56,0,0,0,1
58,0,0,0,1
60,0,0,0,1
62,0,0,0,1
64,0,0,0,1
66,0,0,0,1
68,0,0,0,1
70,0,0,0,1
72,0,0,0,1
74,0,0,0,1
76,0,0,0,1
78,0,0,0,1
80,0,0,0,1
82,0,0,0,1
84,0,0,0,1
86,0,0,0,1
88,0,0,0,1
90,0,0,0,1
92,0,0,0,1
94,0,0,0,1
96,0,0,0,1
98,0,0,0,1
100,0,0,0,1
102,0,0,0,1
104,0,0,0,1
106,0,0,0,1
108,0,0,0,1
110,0,0,0,1
112,0,0,0,1
114,0,0,0,1
116,0,0,0,1
118,0,0,0,1
120,0,0,0,1
122,0,0,0,1
124,0,0,0,1
126,0,0,0,1
128,0,0,0,1
130,0,0,0,1
132,0,0,0,1
134,0,0,0,1
136,0,0,0,1
138,0,0,0,1
140,0,0,0,1
142,0,0,0,1
144,0,0,0,1
146,0,0,0,1
148,0,0,0,1
150,0,0,0,1
152,0.0187439,0.00224681,0.00185357,0.441248
154,0.0187439,0.00224681,0.00185357,0.441248
156,0.0187439,0.00224681,0.00185357,0.441248
158,0.0187439,0.00224681,0.00185357,0.441248
160,0.0187439,0.00224681,0.00185357,0.441248
162,0.0187439,0.00224681,0.00185357,0.441248
164,0.0187439,0.00224681,0.00185357,0.441248
166,0.0187439,0.00224681,0.00185357,0.441248
168,0.0187439,0.00224681,0.00185357,0.441248
170,0.0187439,0.00224681,0.00185357,0.441248
172,0.0187439,0.00224681,0.00185357,0.441248
174,0.0187439,0.00224681,0.00185357,0.441248
176,0.0187439,0.00224681,0.00185357,0.441248
178,0.0187439,0.00224681,0.00185357,0.441248
180,0.0187439,0.00224681,0.00185357,0.441248
182,0.0187439,0.00224681,0.00185357,0.441248
184,0.0187439,0.00224681,0.00185357,0.441248
186,0.0187439,0.00224681,0.00185357,0.441248
188,0.0187439,0.00224681,0.00185357,0.441248
190,0.0187439,0.00224681,0.00185357,0.441248
192,0.0187439,0.00224681,0.00185357,0.441248
194,0.0187439,0.00224681,0.00185357,0.441248
196,0.0187439,0.00224681,0.00185357,0.441248
198,0.0187439,0.00224681,0.00185357,0.441248
200,0.0187439,0.00224681,0.00185357,0.441248
202,0.0187439,0.00224681,0.00185357,0.441248
204,0.0187439,0.00224681,0.00185357,0.441248
206,0.0187439,0.00224681,0.00185357,0.441248
208,0.0187439,0.00224681,0.00185357,0.441248
210,0.0187439,0.00224681,0.00185357,0.441248
212,0.0187439,0.00224681,0.00185357,0.441248
214,0.0187439,0.00224681,0.00185357,0.441248
216,0.0187439,0.00224681,0.00185357,0.441248
218,0.0187439,0.00224681,0.00185357,0.441248
220,0.0187439,0.00224681,0.00185357,0.441248
222,0.0187439,0.00224681,0.00185357,0.441248
224,0.0187439,0.00224681,0.00185357,0.441248
226,0.0187439,0.00224681,0.00185357,0.441248
228,0.0187439,0.00224681,0.00185357,0.441248
230,0.0187439,0.00224681,0.00185357,0.441248
232,0.0187439,0.00224681,0.00185357,0.441248
234,0.0187439,0.00224681,0.00185357,0.441248
236,0.0187439,0.00224681,0.00185357,0.441248
238,0.0187439,0.00224681,0.00185357,0.441248
240,0.0187439,0.00224681,0.00185357,0.441248
242,0.0187439,0.00224681,0.00185357,0.441248
244,0.0187439,0.00224681,0.00185357,0.441248
246,0.0187439,0.00224681,0.00185357,0.441248
248,0.0187439,0.00224681,0.00185357,0.441248
250,0.0187439,0.00224681,0.00185357,0.441248
252,0.0187439,0.00224681,0.00185357,0.441248
254,0.0187439,0.00224681,0.00185357,0.441248
256,0.0187439,0.00224681,0.00185357,0.441248
258,0.0187439,0.00224681,0.00185357,0.441248
260,0.0187439,0.00224681,0.00185357,0.441248
262,0.0187439,0.00224681,0.00185357,0.441248
264,0.0187439,0.00224681,0.00185357,0.441248
266,0.0187439,0.00224681,0.00185357,0.441248
268,0.0187439,0.00224681,0.00185357,0.441248
270,0.0187439,0.00224681,0.00185357,0.441248
272,0.0187439,0.00224681,0.00185357,0.441248
274,0.0187439,0.00224681,0.00185357,0.441248
276,0.0187439,0.00224681,0.00185357,0.441248
278,0.0187439,0.00224681,0.00185357,0.441248
280,0.0187439,0.00224681,0.00185357,0.441248
282,0.0187439,0.00224681,0.00185357,0.441248
284,0.0187439,0.00224681,0.00185357,0.441248
286,0.0187439,0.00224681,0.00185357,0.441248
288,0.0187439,0.00224681,0.00185357,0.441248
290,0.0187439,0.00224681,0.00185357,0.441248
292,0.0187439,0.00224681,0.00185357,0.441248
294,0.0187439,0.00224681,0.00185357,0.441248
296,0.0187439,0.00224681,0.00185357,0.441248
298,0.0187439,0.00224681,0.00185357,0.441248
300,0.0187439,0.00224681,0.00185357,0.441248
302,0.0187439,0.00224681,0.00185357,0.441248
304,0.0187439,0.00224681,0.00185357,0.441248
306,0.0187439,0.00224681,0.00185357,0.441248
308,0.0187439,0.00224681,0.00185357,0.441248
310,0.0187439,0.00224681,0.00185357,0.441248
312,0.0187439,0.00224681,0.00185357,0.441248
314,0.0187439,0.00224681,0.00185357,0.441248
316,0.0187439,0.00224681,0.00185357,0.441248
318,0.0187439,0.00224681,0.00185357,0.441248
320,0.0187439,0.00224681,0.00185357,0.441248
322,0.0187439,0.00224681,0.00185357,0.441248
324,0.0187439,0.00224681,0.00185357,0.441248
326,0.0187439,0.00224681,0.00185357,0.441248
328,0.0187439,0.00224681,0.00185357,0.441248
330,0.0187439,0.00224681,0.00185357,0.441248
332,0.0187439,0.00224681,0.00185357,0.441248
334,0.0187439,0.00224681,0.00185357,0.441248
336,0.0187439,0.00224681,0.00185357,0.441248
338,0.0187439,0.00224681,0.00185357,0.441248
340,0.0187439,0.00224681,0.00185357,0.441248
342,0.0187439,0.00224681,0.00185357,0.441248
344,0.0187439,0.00224681,0.00185357,0.441248
346,0.0187439,0.00224681,0.00185357,0.441248
348,0.0187439,0.00224681,0.00185357,0.441248
350,0.0187439,0.00224681,0.00185357,0.441248
352,0.0187439,0.00224681,0.00185357,0.441248
354,0.0187439,0.00224681,0.00185357,0.441248
356,0.0187439,0.00224681,0.00185357,0.441248
358,0.0187439,0.00224681,0.00185357,0.441248
360,0.0187439,0.00224681,0.00185357,0.441248
362,0.0187439,0.00224681,0.00185357,0.441248
364,0.0187439,0.00224681,0.00185357,0.441248
366,0.0187439,0.00224681,0.00185357,0.441248
368,0.0187439,0.00224681,0.00185357,0.441248
370,0.0187439,0.00224681,0.00185357,0.441248
372,0.0187439,0.00224681,0.00185357,0.441248
374,0.0187439,0.00224681,0.00185357,0.441248
376,0.0187439,0.00224681,0.00185357,0.441248
378,0.0187439,0.00224681,0.00185357,0.441248
380,0.0187439,0.00224681,0.00185357,0.441248
382,0.0187439,0.00224681,0.00185357,0.441248
384,0.0187439,0.00224681,0.00185357,0.441248
386,0.0187439,0.00224681,0.00185357,0.441248
388,0.0187439,0.00224681,0.00185357,0.441248
390,0.0187439,0.00224681,0.00185357,0.441248
392,0.0187439,0.00224681,0.00185357,0.441248
394,0.0187439,0.00224681,0.00185357,0.441248
396,0.0187439,0.00224681,0.00185357,0.441248
398,0.0187439,0.00224681,0.00185357,0.441248
400,0.0187439,0.00224681,0.00185357,0.441248
402,0.0187439,0.00224681,0.00185357,0.441248
404,0.0187439,0.00224681,0.00185357,0.441248
406,0.0187439,0.00224681,0.00185357,0.441248
408,0.0187439,0.00224681,0.00185357,0.441248
410,0.0187439,0.00224681,0.00185357,0.441248
412,0.0187439,0.00224681,0.00185357,0.441248
414,0.0187439,0.00224681,0.00185357,0.441248
416,0.0187439,0.00224681,0.00185357,0.441248
418,0.0187439,0.00224681,0.00185357,0.441248
420,0.0187439,0.00224681,0.00185357,0.441248
422,0.0187439,0.00224681,0.00185357,0.441248
424,0.0187439,0.00224681,0.00185357,0.441248
426,0.0187439,0.00224681,0.00185357,0.441248
428,0.0187439,0.00224681,0.00185357,0.441248
430,0.0187439,0.00224681,0.00185357,0.441248
432,0.0187439,0.00224681,0.00185357,0.441248
434,0.0187439,0.00224681,0.00185357,0.441248
436,0.0187439,0.00224681,0.00185357,0.441248
438,0.0187439,0.00224681,0.00185357,0.441248
440,0.0187439,0.00224681,0.00185357,0.441248
442,0.0187439,0.00224681,0.00185357,0.441248
444,0.0187439,0.00224681,0.00185357,0.441248
446,0.0187439,0.00224681,0.00185357,0.441248
448,0.0187439,0.00224681,0.00185357,0.441248
450,0.0187439,0.00224681,0.00185357,0.441248
452,0.0187439,0.00224681,0.00185357,0.441248
454,0.0187439,0.00224681,0.00185357,0.441248
456,0.0187439,0.00224681,0.00185357,0.441248
458,0.0187439,0.00224681,0.00185357,0.441248
460,0.0187439,0.00224681,0.00185357,0.441248
462,0.0187439,0.00224681,0.00185357,0.441248
464,0.0187439,0.00224681,0.00185357,0.441248
466,0.0187439,0.00224681,0.00185357,0.441248
468,0.0187439,0.00224681,0.00185357,0.441248
470,0.0187439,0.00224681,0.00185357,0.441248
472,0.0187439,0.00224681,0.00185357,0.441248
474,0.0187439,0.00224681,0.00185357,0.441248
476,0.0187439,0.00224681,0.00185357,0.441248
478,0.0187439,0.00224681,0.00185357,0.441248
480,0.0187439,0.00224681,0.00185357,0.441248
482,0.0187439,0.00224681,0.00185357,0.441248
484,0.0187439,0.00224681,0.00185357,0.441248
486,0.0187439,0.00224681,0.00185357,0.441248
488,0.0187439,0.00224681,0.00185357,0.441248
490,0.00404473,1.05498e-05,7.78999e-06,0.0580801
492,0.00101894,1.61207e-07,2.31869e-07,0.0331121
494,0.000586838,1.17794e-07,1.48784e-07,0.0303037
496,0.000597122,9.36656e-08,5.50129e-08,0.0296106
498,0.000512467,9.8388e-08,7.43958e-08,0.0313749
500,0.000502091,6.58807e-08,1.18935e-07,0.0303531
502,0.000607313,7.2237e-08,1.23907e-07,0.0286047
504,0.0005834,1.56944e-07,1.47036e-07,0.0290405
506,0.000535972,8.66215e-08,9.60187e-08,0.0292454
508,0.000549384,1.16223e-07,1.14681e-07,0.0304868
510,0.000478363,1.18637e-07,7.48141e-08,0.0287436
512,0.000599898,8.31979e-08,9.59655e-08,0.0311577
514,0.000568794,9.00291e-08,8.49621e-08,0.0308218
516,0.000580714,1.02799e-07,1.07102e-07,0.0305366
518,0.000823474,1.52915e-07,1.3594e-07,0.0300467
520,0.000632854,1.10306e-07,5.83978e-08,0.0307493
522,0.000541166,1.716e-07,1.16878e-07,0.0282095
524,0.000553652,7.43946e-08,6.26258e-08,0.0306146
526,0.000413125,1.0301e-07,7.3734e-08,0.0290097
528,0.000641521,1.34251e-07,1.41954e-07,0.0310504
530,0.000641521,1.34251e-07,1.41954e-07,0.0310504
532,0.000627452,1.4046e-07,2.16786e-07,0.0303728
534,0.000717384,9.51844e-08,1.30893e-07,0.0295399
536,0.000627012,7.31276e-08,9.98168e-08,0.0321845
538,0.000679082,9.78472e-08,1.62127e-07,0.0297145
540,0.000602334,1.43701e-07,9.08317e-08,0.0302522
542,0.000536586,7.34406e-08,1.34813e-07,0.0285817
544,0.000622875,1.21406e-07,1.92599e-07,0.0298728
546,0.000483303,1.57547e-07,1.55966e-07,0.0285063
548,0.000764326,8.75855e-08,1.09515e-07,0.0301493
550,0.000400436,1.02067e-07,1.39158e-07,0.0278621
552,0.000724203,1.78782e-07,2.16755e-07,0.0301314
554,0.000522351,7.83997e-08,8.47135e-08,0.0315763
556,0.00068822,8.5508e-08,1.03284e-07,0.0312595
558,0.000737926,1.21518e-07,6.14128e-08,0.0296361
560,0.000600028,1.17063e-07,9.7331e-08,0.0312148
562,0.000543594,1.13477e-07,8.31099e-08,0.0293352
564,0.000527555,5.89292e-08,6.34507e-08,0.0294925
566,0.00052798,7.57255e-08,7.82136e-08,0.0298762
568,0.000721887,8.82694e-08,8.90921e-08,0.029157
570,0.000588758,1.81292e-07,1.71104e-07,0.0306362
572,0.000502529,8.25533e-08,6.2395e-08,0.0312859
574,0.000627336,8.53115e-08,9.59006e-08,0.0299895
576,0.000529547,2.36465e-07,1.83034e-07,0.0289724
578,0.000487998,1.14325e-07,7.20489e-08,0.0288533
580,0.000571394,8.32912e-08,4.20552e-08,0.0280169
582,0.000552676,7.82264e-08,1.1294e-07,0.0286615
584,0.000495627,8.17031e-08,6.35429e-08,0.0289414
586,0.00053544,4.67956e-08,1.11897e-07,0.0282212
588,0.000536657,4.91393e-08,5.32601e-08,0.0293517
590,0.000681047,9.64898e-08,8.2363e-08,0.0288959
592,0.000611453,8.08617e-08,8.57618e-08,0.0298954
594,0.000864428,7.53612e-08,2.50433e-07,0.0292421
596,0.000418794,9.58721e-08,7.30643e-08,0.0276695
598,0.000949347,2.07234e-07,3.34104e-07,0.0291158
600,0.000723951,2.23658e-07,1.42349e-07,0.0297383
602,0.000470289,1.32515e-07,1.09107e-07,0.0291901
604,0.000595782,1.12968e-07,9.82154e-08,0.0300193
606,0.000564945,8.85324e-08,1.82942e-07,0.0296919
608,0.000474647,7.88553e-08,7.02584e-08,0.0292278
610,0.000547777,1.4896e-07,1.26979e-07,0.0297319
612,0.000640404,1.31045e-07,1.23146e-07,0.0308202
614,0.00054404,1.90116e-07,1.16334e-07,0.0302827
616,0.000539138,1.04355e-07,1.33001e-07,0.028875
618,0.000554706,1.80249e-07,1.21021e-07,0.0288211
620,0.000499486,5.14881e-08,4.50629e-08,0.0276753
622,0.000520921,1.1667e-07,8.84883e-08,0.0295017
624,0.000564646,8.4967e-08,7.40997e-08,0.0282321
626,0.00069318,1.11329e-07,2.80207e-07,0.030868
628,0.000626496,7.53316e-08,1.10926e-07,0.0309678
630,0.000471997,4.17994e-08,4.50421e-08,0.0276739
632,0.000631108,1.1385e-07,9.75395e-08,0.0310967
634,0.0011603,1.50769e-07,1.6827e-07,0.0289903
636,0.000486435,1.0703e-07,1.35797e-07,0.0294587
638,0.00062172,8.36359e-08,9.72394e-08,0.0294646
640,0.00062053,7.28988e-08,9.66881e-08,0.0300016
642,0.000554301,1.11428e-07,1.51875e-07,0.0292958
644,0.00043698,7.25668e-08,6.0892e-08,0.0300816
646,0.000507135,8.6152e-08,6.06472e-08,0.0293872
648,0.000690303,1.04477e-07,9.83599e-08,0.0288713
650,0.000669442,8.09036e-08,1.07087e-07,0.029839
652,0.000643907,7.94047e-08,1.40565e-07,0.0292305
654,0.000536907,9.85291e-08,1.14551e-07,0.0297596
656,0.000624877,9.7692e-08,1.08026e-07,0.0298107
658,0.000454695,7.87738e-08,6.94836e-08,0.0307634
660,0.000550437,1.00104e-07,1.05277e-07,0.0291244
662,0.000510642,7.15375e-08,6.80934e-08,0.030679
664,0.000535118,1.65332e-07,2.16932e-07,0.0304756
666,0.000621292,7.6043e-08,5.92761e-08,0.028218
668,0.000543187,1.12655e-07,9.74423e-08,0.030133
670,0.000499885,8.15667e-08,9.54228e-08,0.0290697
672,0.000426585,6.38589e-08,1.74661e-07,0.0283444
674,0.000726424,1.20712e-07,7.36843e-08,0.0281218
676,0.000715841,5.43179e-08,8.04295e-08,0.0307479
678,0.000692212,9.12655e-08,9.14004e-08,0.0304902
680,0.00068172,7.79501e-08,8.49015e-08,0.0296583
682,0.000677961,8.20975e-08,7.43913e-08,0.0301506
684,0.000623121,5.76416e-08,7.35295e-08,0.0274851
686,0.000801443,1.14243e-07,1.73846e-07,0.0316649
688,0.000526804,9.21268e-08,1.23169e-07,0.0290309
690,0.000665797,6.33908e-08,6.64095e-08,0.0298644
692,0.000522548,6.29426e-08,9.23823e-08,0.028662
694,0.000723764,6.56565e-08,1.02017e-07,0.0316795
696,0.000474056,8.45972e-08,8.16383e-08,0.02996
698,0.000474056,8.45972e-08,8.16383e-08,0.02996
700,0.00052689,9.71595e-08,7.31059e-08,0.0293532
702,0.000490633,5.97413e-08,6.48394e-08,0.0289757
704,0.000598836,1.28639e-07,1.05284e-07,0.0314987
706,0.000700434,8.11294e-08,9.28442e-08,0.0293851
708,0.00055771,6.01246e-08,4.47772e-08,0.0282135
710,0.000543686,1.4962e-07,1.26058e-07,0.0304397
712,0.000527165,8.34326e-08,1.0405e-07,0.0305763
714,0.000748798,1.00312e-07,1.09586e-07,0.029012
716,0.000842597,1.62944e-07,2.0677e-07,0.0309465
718,0.000621819,8.98092e-08,9.56636e-08,0.0295471
720,0.000516689,8.39395e-08,6.51396e-08,0.0290123
722,0.00078533,8.42632e-08,9.54086e-08,0.0300501
724,0.000743976,7.98239e-08,5.73311e-08,0.0301698
726,0.000584643,1.43535e-07,2.539e-07,0.029455
728,0.000627238,5.9495e-08,8.99497e-08,0.0303442
730,0.000624268,6.96121e-08,6.82943e-08,0.0293284
732,0.000609504,1.52268e-07,1.34006e-07,0.0319322
734,0.000713563,6.88499e-08,6.57389e-08,0.0305315
736,0.000578232,8.06567e-08,1.00631e-07,0.0281449
738,0.000674053,1.18162e-07,1.29838e-07,0.0295985
740,0.000463835,3.9013e-08,5.44384e-08,0.0293424
742,0.000637044,8.91457e-08,1.89876e-07,0.0287169
744,0.000648524,8.1417e-08,6.84823e-08,0.0285814
746,0.000651595,1.09125e-07,8.41478e-08,0.0290093
748,0.000627064,7.10096e-08,6.64207e-08,0.028793
750,0.000545513,1.04026e-07,9.96412e-08,0.0294738
752,0.000548403,8.18922e-08,2.7061e-07,0.028347
754,0.000604903,8.58542e-08,1.33956e-07,0.0279737
756,0.000567814,7.07496e-08,4.78223e-08,0.0276959
758,0.00045595,8.42766e-08,9.68722e-08,0.0290971
760,0.000439038,6.21594e-08,7.46729e-08,0.0279427
762,0.000348258,5.27068e-08,3.66514e-08,0.0259329
764,0.00042773,1.37124e-07,8.92565e-08,0.0289576
766,0.000526332,6.85509e-08,7.07154e-08,0.0287468
768,0.000722153,7.07145e-08,1.32173e-07,0.0290136
770,0.000528436,6.82138e-08,1.19182e-07,0.0286429
772,0.000482152,1.02434e-07,1.32427e-07,0.0297771
774,0.000614018,8.1707e-08,1.37514e-07,0.0313603
776,0.000506735,1.29293e-07,1.42528e-07,0.0305689
778,0.000535644,6.78183e-08,1.40103e-07,0.0290015
780,0.000593275,1.29951e-07,1.05152e-07,0.0270946
782,0.000630085,6.03561e-08,4.89729e-08,0.0274681
784,0.000661268,7.68724e-08,7.06408e-08,0.029978
786,0.000532348,5.99385e-08,9.21908e-08,0.0294505
788,0.000750836,1.11734e-07,8.7462e-08,0.0311338
790,0.000556667,1.65814e-07,2.30753e-07,0.0298324
792,0.000669509,8.82696e-08,2.49986e-07,0.0293545
794,0.000628215,9.16209e-08,1.10952e-07,0.030718
796,0.000632825,1.47161e-07,9.50805e-08,0.0295423
798,0.000567222,4.68688e-08,7.08109e-08,0.0303881
800,0.0006975,1.7332e-07,1.11686e-07,0.032805
802,0.000505213,6.82537e-08,7.37325e-08,0.03172
804,0.000543945,1.27968e-07,5.36227e-08,0.0276477
806,0.000536946,5.32216e-08,4.18846e-08,0.0276074
808,0.000477726,5.40262e-08,4.58043e-08,0.0290629
810,0.000667686,8.93827e-08,1.47608e-07,0.0293321
812,0.00071317,1.32506e-07,1.44173e-07,0.0306204
814,0.000464857,5.78709e-08,5.37675e-08,0.0291519
816,0.000554288,5.43017e-08,6.34902e-08,0.0274581
818,0.000649182,7.66423e-08,8.09462e-08,0.0292413
820,0.000543795,9.95284e-08,1.43255e-07,0.0292316
822,0.000705018,1.01768e-07,1.64018e-07,0.0307688
824,0.00111936,1.64642e-07,2.04504e-07,0.0312214
826,0.000405916,9.95873e-08,8.70264e-08,0.0293412
828,0.000474092,5.0076e-08,7.62472e-08,0.0277192
830,0.000540997,1.67435e-07,8.29723e-08,0.0281588
832,0.000677471,1.20403e-07,1.71648e-07,0.0299755
834,0.00064479,4.64918e-08,4.37423e-08,0.0295073
836,0.000633082,8.2298e-08,6.22234e-08,0.0305204
838,0.000466505,4.31257e-08,4.7608e-08,0.0286306
840,0.000566784,1.33795e-07,7.65227e-08,0.0294903
842,0.000553637,1.20953e-07,1.50496e-07,0.030037
844,0.000587867,8.01985e-08,1.182e-07,0.0300667
846,0.000434509,1.73629e-07,1.7957e-07,0.0322195
848,0.000618547,6.60999e-08,8.25922e-08,0.0313038
850,0.000459746,8.00612e-08,1.0254e-07,0.0280492
852,0.000905806,9.67954e-08,1.44423e-07,0.0289021
854,0.000576846,9.91385e-08,6.74758e-08,0.0286696
856,0.00064484,8.67028e-08,9.3984e-08,0.0285651
858,0.000498713,7.59739e-08,7.61318e-08,0.0292194
860,0.000454144,4.32474e-08,4.57187e-08,0.0275975
862,0.000684847,9.97539e-08,7.51058e-08,0.0313294
864,0.000629669,2.52626e-07,9.24657e-08,0.0306755
866,0.000634491,4.62143e-08,8.83457e-08,0.0284378
868,0.000675612,9.06864e-08,8.44192e-08,0.0303782
870,0.00055943,1.9625e-07,8.14317e-08,0.0283187
872,0.000646924,1.2247e-07,1.04904e-07,0.0290476
874,0.0004085,8.0257e-08,1.16312e-07,0.0298763
876,0.00051597,1.52628e-07,1.77858e-07,0.0323168
878,0.000622006,1.36967e-07,1.60481e-07,0.0304903
880,0.000626162,1.77965e-07,1.37137e-07,0.0306408
882,0.00052284,5.10412e-08,3.85383e-08,0.0281341
884,0.000529199,1.0716e-07,8.37163e-08,0.029239
886,0.000626236,1.88348e-07,3.34786e-07,0.0284713
888,0.000464217,5.02505e-08,4.687e-08,0.027089
890,0.000668429,1.45766e-07,2.20316e-07,0.0304807
892,0.000778601,1.03205e-07,8.59303e-08,0.0317984
894,0.000730522,9.81851e-08,1.07673e-07,0.030128
896,0.000473842,5.16201e-08,4.37302e-08,0.0279179
898,0.00073601,2.75391e-07,2.98123e-07,0.0303209
900,0.000446664,4.62931e-08,4.98113e-08,0.029357
902,0.000677445,2.2542e-07,9.75669e-08,0.029209
904,0.000674782,8.66736e-08,8.47712e-08,0.0302705
906,0.000712679,7.79269e-08,6.5205e-08,0.029278
908,0.000550531,1.31446e-07,3.02751e-07,0.0290409
910,0.000753491,1.3816e-07,5.98109e-08,0.0294339
912,0.000668116,1.94651e-07,1.23294e-07,0.0293881
914,0.000508317,7.60177e-08,8.21822e-08,0.0279639
916,0.000591868,1.03687e-07,1.13622e-07,0.0294303
918,0.000668152,1.8232e-07,5.3961e-08,0.029154
920,0.000680652,9.45725e-08,1.01485e-07,0.029362
922,0.000542108,1.06941e-07,1.44925e-07,0.0289971
924,0.000530055,6.75017e-08,8.2879e-08,0.0307826
926,0.000502443,1.24358e-07,7.45413e-08,0.0299261
928,0.000540604,5.13154e-08,5.59075e-08,0.0277366
930,0.000640543,6.53405e-08,5.81439e-08,0.0295594
932,0.000737345,1.58615e-07,3.45795e-07,0.0299833
934,0.000562377,1.27353e-07,1.48909e-07,0.0302127
936,0.000487423,6.36681e-08,5.92344e-08,0.0300434
938,0.000844683,1.37467e-07,1.94795e-07,0.0305524
940,0.00053506,9.16191e-08,1.03162e-07,0.0305417
942,0.000734892,1.01028e-07,9.2615e-08,0.0294745
944,0.000734892,1.01028e-07,9.2615e-08,0.0294745
946,0.000602758,1.35107e-07,1.63176e-07,0.0293985
948,0.00046283,6.10311e-08,6.24329e-08,0.0276847
950,0.00037559,6.7752e-08,7.55894e-08,0.0298321
952,0.000603806,4.61402e-08,3.58327e-08,0.0275157
954,0.000630608,9.38191e-08,1.50359e-07,0.0297067
956,0.000570769,1.94736e-07,1.41585e-07,0.0293969
958,0.000623743,1.06469e-07,1.96083e-07,0.0296606
960,0.000526784,9.80261e-08,8.03885e-08,0.0289592
962,0.000592584,4.66661e-08,4.04441e-08,0.0297419
964,0.000529392,5.70049e-08,8.03687e-08,0.030582
966,0.000499202,6.65425e-08,7.41823e-08,0.0285917
968,0.00101145,3.67631e-07,2.69505e-07,0.0313747
970,0.000432749,8.67724e-08,5.32477e-08,0.0307698
972,0.00043656,6.63237e-08,1.02195e-07,0.0283564
974,0.000486002,7.4327e-08,1.13184e-07,0.0298709
976,0.000606379,1.4799e-07,9.94403e-08,0.0289959
978,0.000693786,1.02539e-07,7.96346e-08,0.0292094
980,0.000760284,1.41578e-07,1.20065e-07,0.0312762
982,0.000689743,9.98242e-08,2.11508e-07,0.0315726
984,0.000469387,8.89003e-08,4.71043e-08,0.028141
986,0.000604951,6.11887e-08,6.61692e-08,0.0292764
988,0.000688167,1.5035e-07,1.62886e-07,0.0306521
990,0.000785233,1.67447e-07,1.22955e-07,0.0302916
992,0.000613997,7.8238e-08,1.02728e-07,0.0298563
994,0.000596732,8.10677e-08,7.96831e-08,0.02924
996,0.000772476,7.33703e-08,7.92668e-08,0.0282999
998,0.000614445,1.09669e-07,1.00396e-07,0.0299492
1000,0.000560699,7.74232e-08,1.14205e-07,0.0306462
1002,0.00054845,1.05966e-07,5.91323e-08,0.0310825
1004,0.00061527,1.33836e-07,1.2492e-07,0.0297778
1006,0.000457196,6.31887e-08,1.01962e-07,0.0283123
1008,0.000709061,1.24845e-07,1.02688e-07,0.0307273
1010,0.00053896,1.11443e-07,8.32415e-08,0.0300982
1012,0.000627722,2.27177e-07,1.37803e-07,0.0292293
1014,0.000460605,1.03913e-07,8.97475e-08,0.0286524
1016,0.000498565,5.34494e-08,5.42984e-08,0.028602
1018,0.00068644,6.77983e-08,9.51255e-08,0.0295433
1020,0.000499147,5.66795e-08,4.99374e-08,0.0301507
1022,0.000532638,9.48641e-08,1.57382e-07,0.0287536
1024,0.00058032,3.57409e-07,1.21797e-07,0.0307319
1026,0.000682436,1.4148e-07,3.16587e-07,0.0320513
1028,0.000626101,2.82707e-07,9.60754e-08,0.0295611
1030,0.000528595,7.2816e-08,6.21237e-08,0.0299314
1032,0.00070443,1.50306e-07,1.55669e-07,0.0323881
1034,0.000727418,8.92358e-08,1.37574e-07,0.0299582
1036,0.000580436,2.05211e-07,1.3206e-07,0.0302263
1038,0.000432394,1.08646e-07,1.15403e-07,0.0299286
1040,0.000540292,6.84806e-08,7.88817e-08,0.0300805
1042,0.000685935,9.41983e-08,1.1203e-07,0.0303022
1044,0.000724661,1.06251e-07,1.06013e-07,0.0306996
1046,0.000498892,7.68471e-08,7.74077e-08,0.0278021
1048,0.000496953,5.31789e-08,6.2601e-08,0.0266939
1050,0.00061114,5.71068e-08,6.03498e-08,0.0287427
1052,0.000653414,8.2804e-08,9.41721e-08,0.0297501
1054,0.00061657,8.10223e-08,1.54058e-07,0.0296553
1056,0.000554272,8.05039e-08,6.88873e-08,0.0289057
1058,0.000411512,9.92307e-08,7.19093e-08,0.0278597
1060,0.000527075,9.64248e-08,1.16682e-07,0.0292471
1062,0.000747514,1.50189e-07,2.05432e-07,0.0301758
1064,0.000659789,6.71219e-08,1.68976e-07,0.0303044
1066,0.000610346,8.5918e-08,9.79616e-08,0.0284441
1068,0.000433336,5.0145e-08,7.82333e-08,0.0278492
1070,0.000421579,4.84911e-08,4.8454e-08,0.0270881
1072,0.000551025,1.51659e-07,1.18524e-07,0.0300013
1074,0.000543702,4.71698e-08,9.14411e-08,0.0297835
1076,0.000896186,1.10697e-07,1.01859e-07,0.0305727
1078,0.00050487,5.1235e-08,1.21262e-07,0.0304525
1080,0.000666366,1.23201e-07,1.30611e-07,0.0313471
1082,0.000433904,6.26828e-08,5.16561e-08,0.0284448
1084,0.000551773,4.67297e-08,7.46571e-08,0.0284451
1086,0.000527382,9.87602e-08,6.90293e-08,0.0292348
1088,0.000502928,1.1174e-07,1.17708e-07,0.0296731
1090,0.000627248,1.44863e-07,1.52866e-07,0.0304824
1092,0.000776757,8.42154e-08,7.07908e-08,0.0303651
1094,0.000539624,9.17311e-08,1.03207e-07,0.0292872
1096,0.000720861,7.4616e-08,8.75464e-08,0.0321492
1098,0.000598914,1.69949e-07,1.52532e-07,0.0303972
1100,0.000539041,1.03358e-07,1.79147e-07,0.0299257
1102,0.000485091,9.58076e-08,7.8366e-08,0.0300407
1104,0.000843383,1.40526e-07,1.50962e-07,0.0300641
1106,0.00063693,1.61754e-07,6.4141e-08,0.0296829
1108,0.000621,7.54733e-08,1.09522e-07,0.0307247
1110,0.000626912,1.02269e-07,1.57575e-07,0.0301676
1112,0.000530344,5.42261e-08,7.59299e-08,0.0291753
1114,0.000590086,7.93098e-08,1.0233e-07,0.0299771
1116,0.000560122,8.91305e-08,1.11896e-07,0.0297864
1118,0.000586487,8.4853e-08,7.54128e-08,0.0288546
1120,0.000574359,8.60207e-08,6.31775e-08,0.029294
1122,0.00064248,9.33034e-08,1.17603e-07,0.0291584
1124,0.000524319,1.23328e-07,8.59616e-08,0.0294932
1126,0.000425125,9.56141e-08,1.10572e-07,0.029335
1128,0.000557631,8.02698e-08,9.71269e-08,0.0271542
1130,0.000494061,5.51899e-08,1.07515e-07,0.0280693
1132,0.000538963,1.49295e-07,1.13521e-07,0.0297811
1134,0.000492213,8.3091e-08,6.5149e-08,0.0276716
1136,0.000742607,1.18316e-07,1.52168e-07,0.028913
1138,0.000474139,7.84437e-08,1.12973e-07,0.0306957
1140,0.000544011,7.11815e-08,6.5146e-08,0.0290373
1142,0.000475329,5.09018e-08,4.25806e-08,0.028832
1144,0.000524892,6.33525e-08,5.32915e-08,0.0282968
1146,0.000434155,7.23513e-08,7.41819e-08,0.0299281
1148,0.000453314,1.06423e-07,8.22218e-08,0.0299884
1150,0.000654812,9.03398e-08,5.26152e-08,0.0304959
1152,0.000644377,4.07157e-08,6.52044e-08,0.026951
1154,0.000548755,4.75354e-08,6.77763e-08,0.0270135
1156,0.000780948,1.65036e-07,1.31579e-07,0.0297955
1158,0.000559074,1.00746e-07,8.90136e-08,0.0293973
1160,0.000603988,7.14244e-08,6.82499e-08,0.0301972
1162,0.000730612,4.50204e-08,4.66919e-08,0.0295497
1164,0.000463969,7.09417e-08,5.14048e-08,0.0298014
1166,0.0006248,6.88073e-08,1.2198e-07,0.0306685
1168,0.000517784,1.09522e-07,5.0431e-08,0.0284302
1170,0.000530175,1.2074e-07,9.28983e-08,0.0292187
1172,0.000624671,4.52554e-08,6.98796e-08,0.0281878
1174,0.000593886,1.50543e-07,6.74578e-08,0.028725
1176,0.000558345,7.06761e-08,6.98064e-08,0.0306017
1178,0.00044135,8.35984e-08,6.75402e-08,0.0285253
1180,0.000622368,8.20581e-08,7.98637e-08,0.0300131
1182,0.000584753,7.64929e-08,9.21181e-08,0.0301169
1184,0.000574316,1.12394e-07,1.42174e-07,0.0299623
1186,0.000760271,1.65245e-07,1.04545e-07,0.0310425
1188,0.000591334,1.68903e-07,1.2833e-07,0.0302773
1190,0.000523499,5.67959e-08,6.39634e-08,0.0280615
1192,0.000617152,5.72476e-08,9.23632e-08,0.0312351
1194,0.00071853,1.31995e-07,9.81551e-08,0.0298219
1196,0.000492415,6.33092e-08,9.63444e-08,0.0282035
1198,0.000570922,9.12038e-08,7.96166e-08,0.0271712
1200,0.000576149,9.07078e-08,6.36444e-08,0.0274458
1202,0.000640242,4.613e-08,4.96923e-08,0.0268511
1204,0.000539448,8.53919e-08,1.06832e-07,0.0297414
1206,0.000690038,1.54747e-07,3.59824e-07,0.030333
1208,0.000587379,1.17592e-07,1.36788e-07,0.0300243
1210,0.00073979,3.43522e-08,3.80236e-08,0.0297523
1212,0.000615749,7.45978e-08,8.17739e-08,0.0290425
1214,0.000656183,1.48141e-07,7.88684e-08,0.0288262
1216,0.000645961,8.13499e-08,2.07441e-07,0.0288225
1218,0.000740126,8.16876e-08,9.72184e-08,0.0296292
1220,0.000570339,1.05114e-07,1.0123e-07,0.0296662
1222,0.000586935,1.89921e-07,1.31017e-07,0.0280482
1224,0.000416311,5.87366e-08,5.6262e-08,0.0283691
1226,0.000466054,6.64315e-08,8.742e-08,0.0294544
1228,0.000485455,1.08121e-07,1.10407e-07,0.0296659
1230,0.000471031,7.11765e-08,1.0136e-07,0.0278826
1232,0.000628202,7.24709e-08,1.21229e-07,0.0294367
1234,0.000659024,1.04675e-07,1.04225e-07,0.0275915
1236,0.000809262,1.09636e-07,1.35191e-07,0.0305605
1238,0.000646808,1.29693e-07,1.23506e-07,0.0302248
1240,0.000643472,7.52985e-08,9.19882e-08,0.0311372
1242,0.000583736,9.09877e-08,1.27668e-07,0.0313964
1244,0.000558265,1.15409e-07,8.56984e-08,0.0308152
1246,0.00048934,6.19882e-08,1.09113e-07,0.0291368
1248,0.000577025,8.5081e-08,9.40569e-08,0.0291275
1250,0.000581056,1.25804e-07,1.74997e-07,0.0282374
1252,0.000611183,1.09179e-07,7.73368e-08,0.0285066
1254,0.00047067,8.88425e-08,3.97221e-08,0.0287149
1256,0.000626698,1.05009e-07,7.85417e-08,0.0288491
1258,0.00055058,3.99726e-08,4.05697e-08,0.0281704
1260,0.000555472,8.54621e-08,1.06722e-07,0.0312681
1262,0.00053677,7.9751e-08,1.20979e-07,0.0303865
1264,0.000475383,6.19687e-08,5.72e-08,0.0295814
1266,0.000744542,1.37375e-07,3.19943e-07,0.0312714
1268,0.000510953,9.28572e-08,6.12444e-08,0.0293702
1270,0.000559748,1.12829e-07,7.21632e-08,0.0291706
1272,0.000604945,6.22196e-08,5.87084e-08,0.030679
1274,0.000602614,1.21029e-07,2.40954e-07,0.0278452
1276,0.000501507,8.06265e-08,3.64156e-08,0.0282249
1278,0.000633004,8.36491e-08,1.54463e-07,0.0299353
1280,0.000621252,6.22899e-08,1.23038e-07,0.0302383
1282,0.000655117,1.32602e-07,1.45985e-07,0.0299724
1284,0.000508319,1.36479e-07,1.23046e-07,0.0305386
1286,0.000585858,1.24939e-07,1.39985e-07,0.0318868
1288,0.000596965,1.03171e-07,1.31374e-07,0.0299458
1290,0.000804624,6.86402e-08,1.09876e-07,0.0309807
1292,0.000547001,5.23331e-08,6.43973e-08,0.030742
1294,0.000636066,1.28914e-07,1.13574e-07,0.0292135
1296,0.000567764,1.07574e-07,4.70538e-08,0.0273887
1298,0.000550974,8.2905e-08,1.70941e-07,0.0300775
1300,0.000591903,7.99191e-08,7.10505e-08,0.0280623
1302,0.000552403,9.73171e-08,1.62385e-07,0.0301426
1304,0.000580036,8.74565e-08,8.12523e-08,0.0300009
1306,0.000500214,8.12896e-08,8.21312e-08,0.0292879
1308,0.000546235,5.58503e-08,6.11669e-08,0.0288965
1310,0.000643243,9.48502e-08,1.51325e-07,0.028563
1312,0.000713335,1.41737e-07,8.76669e-08,0.0310739
1314,0.000466084,1.393e-07,1.92794e-07,0.0304063
1316,0.000507669,1.26799e-07,9.12423e-08,0.0293933
1318,0.000637501,8.24994e-08,8.88052e-08,0.0317116
1320,0.000481342,6.755e-08,9.86749e-08,0.0289021
1322,0.000581723,5.5363e-08,3.96867e-08,0.0295699
1324,0.000636179,1.69384e-07,9.84503e-08,0.0305914
1326,0.000562518,7.19507e-08,1.6705e-07,0.0286017
1328,0.000477976,1.16905e-07,1.08011e-07,0.0285365
1330,0.000916682,9.44293e-08,1.18389e-07,0.0327255
1332,0.000644298,1.12412e-07,8.67783e-08,0.0282619
1334,0.000482039,7.34715e-08,6.09603e-08,0.0287375
1336,0.000516817,5.36723e-08,4.10968e-08,0.0303997
1338,0.000621547,9.52532e-08,9.31565e-08,0.0283087
1340,0.000528827,7.75273e-08,6.10115e-08,0.0297898
1342,0.000626345,4.57672e-08,3.62948e-08,0.0286506
1344,0.000556352,1.05515e-07,8.33834e-08,0.0290292
1346,0.000493828,4.57335e-08,6.05513e-08,0.0273076
1348,0.000640303,9.61302e-08,2.58452e-07,0.029737
1350,0.000619101,1.4166e-07,2.06022e-07,0.0306499
1352,0.00073707,7.00752e-08,1.74271e-07,0.0318459
1354,0.000730976,8.45433e-08,1.09076e-07,0.0292862
1356,0.000682758,7.37663e-08,1.15137e-07,0.029692
1358,0.000595603,5.34471e-08,9.98792e-08,0.0289121
1360,0.000661702,1.3693e-07,9.49636e-08,0.0302715
1362,0.000655917,1.22593e-07,9.86688e-08,0.0310627
1364,0.000522502,4.96424e-08,6.64114e-08,0.0282349
1366,0.000568836,1.549e-07,1.60629e-07,0.0283413
1368,0.000635073,9.48895e-08,8.15729e-08,0.0302562
1370,0.000535443,9.87204e-08,4.98227e-08,0.0295123
1372,0.000500387,1.24749e-07,1.14872e-07,0.0288125
1374,0.000680316,1.55638e-07,1.46608e-07,0.0293021
1376,0.000476512,9.39877e-08,1.4478e-07,0.0307993
1378,0.000673301,1.82115e-07,2.43965e-07,0.0310991
1380,0.000894002,2.15276e-07,1.23605e-07,0.0324655
1382,0.000703741,8.13019e-08,9.18397e-08,0.0306775
1384,0.000617673,1.49404e-07,5.71912e-08,0.0285006
1386,0.000594749,1.24046e-07,1.37646e-07,0.0290712
1388,0.000750281,8.30601e-08,1.01227e-07,0.0292288
1390,0.000404393,8.71956e-08,6.62344e-08,0.0281249
1392,0.000499669,1.05337e-07,8.14865e-08,0.0285733
1394,0.000625172,1.27332e-07,1.48556e-07,0.0308946
1396,0.000645192,7.57889e-08,4.9466e-08,0.0293283
1398,0.000574771,3.19414e-07,1.45458e-07,0.0284358
1400,0.000440528,6.93531e-08,1.08987e-07,0.0293003
1402,0.000469797,4.19039e-07,9.22889e-08,0.0293818
1404,0.000524087,8.23266e-08,6.53003e-08,0.0280349
1406,0.000583472,7.86721e-08,6.91857e-08,0.0294133
1408,0.000571758,1.10127e-07,1.33528e-07,0.028811
1410,0.00062604,8.37057e-08,7.43632e-08,0.0309115
1412,0.000462578,5.91294e-08,5.4235e-08,0.0301945
1414,0.000577452,1.53813e-07,1.45743e-07,0.0300692
1416,0.000547686,9.74381e-08,1.44629e-07,0.0300368
1418,0.000633272,6.04778e-08,5.24493e-08,0.0292507
1420,0.000890103,1.19344e-07,5.77882e-08,0.0299468
1422,0.000595388,9.15009e-08,8.09706e-08,0.0287535
1424,0.000711428,1.71932e-07,1.20944e-07,0.0290055
1426,0.000633469,1.19617e-07,8.84809e-08,0.0292369
1428,0.000572453,1.33531e-07,1.08969e-07,0.028305
1430,0.000506652,4.60106e-08,5.19673e-08,0.0281849
1432,0.00078852,1.2253e-07,1.91692e-07,0.0290848
1434,0.000425303,5.40813e-08,4.55436e-08,0.0283484
1436,0.000611037,8.5518e-08,8.4069e-08,0.0293081
1438,0.000528362,1.05769e-07,1.23991e-07,0.0301832
1440,0.000642523,2.58531e-07,2.7956e-07,0.0318703
1442,0.000563655,1.18352e-07,1.05182e-07,0.0307583
1444,0.000601176,3.16863e-07,1.90912e-07,0.0299559
1446,0.000652646,1.03722e-07,1.54576e-07,0.0296187
1448,0.000584069,7.41469e-08,5.10193e-08,0.0302081
1450,0.000434257,7.3518e-08,6.02539e-08,0.0286999
1452,0.000619321,5.19287e-08,9.93619e-08,0.0295456
1454,0.00066454,1.57903e-07,1.58419e-07,0.0292792
1456,0.000697598,7.67262e-08,1.01116e-07,0.0293453
1458,0.000748593,7.95132e-08,1.08538e-07,0.032376
1460,0.000586939,5.39487e-08,9.87241e-08,0.0296621
1462,0.000795024,1.52872e-07,1.21885e-07,0.0310488
1464,0.000779924,1.56002e-07,1.62745e-07,0.0290973
1466,0.000445367,5.1103e-08,5.03595e-08,0.0294663
1468,0.000611097,1.1629e-07,1.28765e-07,0.0302213
1470,0.000503564,9.38168e-08,7.09395e-08,0.0299574
1472,0.000525313,7.14685e-08,5.56044e-08,0.0288607
1474,0.000883225,1.37731e-07,1.01378e-07,0.0311741
1476,0.000697018,6.62302e-08,1.21715e-07,0.0310365
1478,0.000713416,1.537e-07,2.19316e-07,0.0322917
1480,0.000531866,1.13316e-07,1.05503e-07,0.0311551
1482,0.000508396,9.66283e-08,6.0541e-08,0.0304808
1484,0.000559195,8.48412e-08,8.67238e-08,0.0290838
1486,0.000587289,5.92462e-08,5.47827e-08,0.0282781
1488,0.000467747,6.58881e-08,6.75651e-08,0.0289461
1490,0.000905556,1.41889e-07,1.03657e-07,0.0310731
1492,0.000553832,7.7636e-08,7.53689e-08,0.0301869
1494,0.000619515,6.27423e-08,1.04867e-07,0.0290398
1496,0.000492444,4.83848e-08,4.88115e-08,0.027965
1498,0.000460884,1.2343e-07,1.0144e-07,0.0285077
1500,0.00066406,7.94477e-08,7.53119e-08,0.0303741
1502,0.000696384,8.60415e-08,1.02183e-07,0.0295404
1504,0.000636014,9.48396e-08,1.79856e-07,0.029389
1506,0.000867881,1.60466e-07,1.37628e-07,0.0308652
1508,0.000876674,3.2644e-07,2.77686e-07,0.0309276
1510,0.000626004,1.21628e-07,1.10349e-07,0.0307012
1512,0.000556973,9.1928e-08,1.3415e-07,0.0301659
1514,0.000497997,9.44993e-08,8.26581e-08,0.0302938
1516,0.00057124,2.60028e-07,1.74131e-07,0.0308721
1518,0.000578152,5.6982e-08,9.26696e-08,0.0300762
1520,0.000547602,1.1247e-07,9.90853e-08,0.0315474
1522,0.000547602,1.1247e-07,9.90853e-08,0.0315474
1524,0.000597847,1.11893e-07,9.68419e-08,0.0289873
1526,0.000482767,5.1116e-08,5.38389e-08,0.0295342
1528,0.000673836,6.07422e-08,4.85028e-08,0.0286125
1530,0.000646034,1.58192e-07,1.59029e-07,0.0296018
1532,0.000589728,2.09471e-07,1.91187e-07,0.0297704
1534,0.000522695,8.33757e-08,9.82355e-08,0.029513
1536,0.000433594,9.58116e-08,6.02663e-08,0.027751
1538,0.000595741,8.11453e-08,9.3131e-08,0.0303395
1540,0.000529559,8.04114e-08,1.02176e-07,0.0303794
1542,0.000995891,7.84278e-08,8.90244e-08,0.0300251
1544,0.000637767,1.50922e-07,9.89543e-08,0.0308955
1546,0.000583573,6.65507e-08,6.5965e-08,0.0301307
1548,0.000532961,1.7652e-07,9.81679e-08,0.0286627
1550,0.000495132,1.39056e-07,5.22908e-08,0.030481
1552,0.000939182,1.7193e-07,8.69045e-08,0.0309955
1554,0.000654845,6.75271e-08,5.13091e-08,0.0287557
1556,0.000474574,3.11908e-08,5.96599e-08,0.0285953
1558,0.000474574,3.11908e-08,5.96599e-08,0.0285953
1560,0.000521696,1.43724e-07,7.87058e-08,0.0289696
1562,0.000507355,9.06851e-08,9.80779e-08,0.0292384
1564,0.000668599,5.83882e-08,7.84211e-08,0.0291741
1566,0.000508603,4.42402e-08,4.58681e-08,0.0309409
1568,0.000613138,1.51392e-07,1.33388e-07,0.0295293
1570,0.000497559,1.64402e-07,1.23845e-07,0.0296005
1572,0.000519481,6.46886e-08,7.46241e-08,0.0282125
1574,0.000635567,7.19946e-08,5.29352e-08,0.0300195
1576,0.000625089,1.19362e-07,1.01355e-07,0.0288223
1578,0.000594606,9.40199e-08,1.08468e-07,0.0304035
1580,0.000550284,8.11837e-08,6.21005e-08,0.0294795
1582,0.000519801,4.93869e-08,6.98681e-08,0.0279935
1584,0.000455838,5.41303e-08,1.96681e-07,0.0304481
1586,0.000367406,5.56114e-08,6.91944e-08,0.0279573
1588,0.000534239,5.93456e-08,5.25646e-08,0.0274453
1590,0.000465843,4.22599e-08,7.87284e-08,0.0292472
1592,0.00060121,1.63703e-07,8.03848e-08,0.0326289
1594,0.000512154,1.01194e-07,8.62172e-08,0.0307816
1596,0.00080772,1.16685e-07,7.40364e-08,0.0306034
1598,0.000503439,9.71782e-08,9.78195e-08,0.0295776
1600,0.00069721,7.70501e-08,1.4707e-07,0.0295989
1602,0.000670081,1.96892e-07,7.7394e-08,0.0288046
1604,0.000759225,6.34572e-08,5.67687e-08,0.030231
1606,0.000738378,1.27664e-07,1.03442e-07,0.0302161
1608,0.000656529,1.46072e-07,1.4386e-07,0.0301455
1610,0.000623464,1.05703e-07,1.65541e-07,0.0307544
1612,0.000573422,1.18152e-07,1.49915e-07,0.0296911
1614,0.000646472,4.71778e-08,6.60925e-08,0.0279601
1616,0.000446812,6.35641e-08,6.72038e-08,0.0289568
1618,0.000693191,9.08483e-08,1.11909e-07,0.0299945
1620,0.000568488,1.17646e-07,1.26483e-07,0.0296195
1622,0.000628749,1.61331e-07,7.99662e-08,0.0295513
1624,0.000516045,6.52494e-08,5.53995e-08,0.0293289
1626,0.000575043,6.74652e-08,7.68441e-08,0.0284934
1628,0.000598806,1.18726e-07,1.3819e-07,0.029137
1630,0.000541167,6.55533e-08,7.12565e-08,0.0280328
1632,0.00050734,8.1004e-08,6.84152e-08,0.0289247
1634,0.000684069,1.35714e-07,1.03148e-07,0.0301398
1636,0.000619428,9.98462e-08,1.11557e-07,0.0296056
1638,0.000740268,2.44944e-07,1.13006e-07,0.0305065
1640,0.000509684,3.79599e-07,4.15635e-07,0.0316566
1642,0.000509684,3.79599e-07,4.15635e-07,0.0316566
1644,0.000488663,8.97071e-08,7.44811e-08,0.0308909
1646,0.000535926,1.19803e-07,1.00624e-07,0.0299549
1648,0.000511442,1.66423e-07,9.21301e-08,0.0303861
1650,0.000591346,7.70979e-08,7.33455e-08,0.0286643
1652,0.000586115,1.64962e-07,8.62234e-08,0.0290019
1654,0.000762091,6.96108e-08,4.19221e-08,0.0302985
1656,0.000537695,6.23353e-08,8.73391e-08,0.0290615
1658,0.000389223,1.22873e-07,1.0801e-07,0.0284549
1660,0.000552174,1.41946e-07,8.09611e-08,0.0286506
1662,0.000655883,1.24804e-07,1.50825e-07,0.0285742
1664,0.000634116,1.2788e-07,6.8321e-08,0.0293297
1666,0.000601565,7.13927e-08,8.85267e-08,0.0305618
1668,0.000521314,6.40932e-08,9.60436e-08,0.0298496
1670,0.00038899,5.51707e-08,5.14399e-08,0.0277717
1672,0.000694088,9.62269e-08,1.11972e-07,0.029809
1674,0.000494575,9.41671e-08,6.78987e-08,0.0295319
1676,0.000720207,1.10951e-07,1.04556e-07,0.0292391
1678,0.000542046,6.87527e-08,7.23674e-08,0.029384
1680,0.000593312,9.06872e-08,1.00802e-07,0.0298288
1682,0.000497857,6.00566e-08,8.36084e-08,0.0279711
1684,0.000721382,1.30945e-07,1.63326e-07,0.0290622
1686,0.000531192,2.14097e-07,1.47861e-07,0.0286293
1688,0.000582849,9.90247e-08,9.19744e-08,0.0289361
1690,0.000529268,6.51101e-08,7.16521e-08,0.0282797
1692,0.000531076,4.08204e-08,6.29568e-08,0.0292926
1694,0.000611767,1.05687e-07,5.71699e-08,0.0285891
1696,0.000677322,1.24307e-07,1.11289e-07,0.0290617
1698,0.000425787,7.44941e-08,7.72618e-08,0.0266968
1700,0.000586501,1.21691e-07,9.01843e-08,0.0304578
1702,0.000711599,6.85779e-08,6.30372e-08,0.0304181
1704,0.000635798,1.26536e-07,9.00294e-08,0.0299826
1706,0.000456043,1.00425e-07,1.14581e-07,0.0303174
1708,0.000530616,4.03726e-08,4.57715e-08,0.0283933
1710,0.000803648,9.51101e-08,2.39053e-07,0.0290887
1712,0.000916637,2.76901e-07,3.71016e-07,0.0295139
1714,0.000703289,5.71745e-08,1.20069e-07,0.0295401
1716,0.000547585,6.37117e-08,6.08908e-08,0.0284935
1718,0.000501177,1.11559e-07,8.36833e-08,0.02889
1720,0.000820193,2.53298e-07,2.71095e-07,0.0303545
1722,0.000496648,5.56233e-08,6.31548e-08,0.0287373
1724,0.000578065,5.02802e-08,6.15081e-08,0.0288235
1726,0.000861839,1.58216e-07,1.37346e-07,0.0278907
1728,0.000619511,9.67196e-08,1.42525e-07,0.0301113
1730,0.000512505,1.26959e-07,1.24878e-07,0.030593
1732,0.000569449,1.34793e-07,8.73512e-08,0.03056
1734,0.000521849,7.48474e-08,9.15181e-08,0.0295553
1736,0.000437805,6.29003e-08,8.6418e-08,0.0291831
1738,0.000597728,1.17039e-07,1.20147e-07,0.0296214
1740,0.000598915,1.10744e-07,8.82692e-08,0.029851
1742,0.000507723,7.56542e-08,7.54103e-08,0.0281283
1744,0.000793412,9.68627e-08,1.02682e-07,0.0305267
1746,0.000467848,6.1668e-08,8.04067e-08,0.0289953
1748,0.000922177,5.60615e-08,4.70408e-08,0.0296443
1750,0.000574464,6.47859e-08,7.25912e-08,0.028892
1752,0.000644881,9.39907e-08,6.61693e-08,0.0301118
1754,0.000611579,1.02234e-07,8.95964e-08,0.0289884
1756,0.000522351,4.64602e-08,7.45398e-08,0.028322
1758,0.000568211,8.99191e-08,1.02744e-07,0.029123
1760,0.000821974,1.45111e-07,2.46367e-07,0.0308769
1762,0.000585865,1.17662e-07,1.23782e-07,0.0287528
1764,0.000840918,2.14793e-07,1.60784e-07,0.028167
1766,0.000640252,8.98347e-08,1.06922e-07,0.0293419
1768,0.000649297,8.88247e-08,9.33917e-08,0.0302533
1770,0.000628168,1.15139e-07,1.08735e-07,0.0297538
1772,0.000491414,7.57691e-08,7.10248e-08,0.0280881
1774,0.000574606,1.34608e-07,1.13042e-07,0.0285904
1776,0.000677729,7.83759e-08,5.98414e-08,0.028853
1778,0.000515653,8.55645e-08,1.17884e-07,0.028203
1780,0.000784893,1.5173e-07,1.00178e-07,0.0313007
1782,0.000711529,1.20831e-07,1.55174e-07,0.0309035
1784,0.000571526,1.4585e-07,9.38776e-08,0.0324221
1786,0.000687982,1.10981e-07,9.33088e-08,0.0306862
1788,0.000615159,9.24802e-08,1.01814e-07,0.0292541
1790,0.00048335,1.52249e-07,1.56783e-07,0.0287334
1792,0.000523114,1.00133e-07,9.68016e-08,0.0283588
1794,0.000648015,1.52047e-07,1.24042e-07,0.0293038
1796,0.000605297,9.93632e-08,9.12333e-08,0.0309756
1798,0.00062663,1.07926e-07,1.30453e-07,0.0299573
1800,0.000545306,9.59252e-08,1.51071e-07,0.0293448
1802,0.000593305,1.08312e-07,1.23476e-07,0.0298372
1804,0.00044595,7.59326e-08,8.25757e-08,0.028586
1806,0.000679452,8.56174e-08,1.16471e-07,0.0295123
1808,0.000619437,1.22328e-07,1.01854e-07,0.0285273
1810,0.000585828,1.39646e-07,1.16823e-07,0.0315145
1812,0.000620133,7.30026e-08,1.36538e-07,0.0305949
1814,0.000559412,8.83597e-08,5.68755e-08,0.0284126
1816,0.000517408,9.03808e-08,6.50984e-08,0.0275607
1818,0.00066614,3.46207e-07,1.79661e-07,0.0304689
1820,0.000525861,5.88771e-08,4.85231e-08,0.0302945
1822,0.000689635,1.90573e-07,1.16041e-07,0.0287839
1824,0.000509329,3.57718e-08,4.42906e-08,0.0276459
1826,0.000790971,6.63805e-08,1.16398e-07,0.0300038
1828,0.000561876,1.36245e-07,1.09959e-07,0.0294443
1830,0.000450282,9.08252e-08,1.07833e-07,0.0285684
1832,0.000433223,7.38903e-08,1.67605e-07,0.0297435
1834,0.000578144,1.00844e-07,7.63655e-08,0.0303232
1836,0.000540852,1.02278e-07,6.12251e-08,0.0293035
1838,0.000648496,1.00423e-07,6.81688e-08,0.0311651
1840,0.000635583,1.79786e-07,7.95219e-08,0.029678
1842,0.000736882,1.00086e-07,1.05926e-07,0.0289341
1844,0.000428427,8.64257e-08,5.46522e-08,0.0294127
1846,0.000512939,9.67722e-08,1.09822e-07,0.0309472
1848,0.000508146,8.75323e-08,7.30941e-08,0.029723
1850,0.000486239,1.18584e-07,1.74928e-07,0.027567
1852,0.000528827,7.87537e-08,1.03437e-07,0.0304357
1854,0.0005487,1.06839e-07,6.80292e-08,0.0293751
1856,0.000575618,5.09592e-08,5.15576e-08,0.029835
1858,0.000575618,5.09592e-08,5.15576e-08,0.029835
1860,0.000567546,9.20026e-08,1.0085e-07,0.0290264
1862,0.00046886,8.55289e-08,8.04222e-08,0.0290046
1864,0.00058795,5.20903e-08,6.30886e-08,0.0284445
1866,0.000578853,7.47195e-08,9.05175e-08,0.0298358
1868,0.000562649,9.20108e-08,8.67563e-08,0.0305574
1870,0.000505318,6.2223e-08,1.68463e-07,0.029077
1872,0.000606049,8.65673e-08,1.31223e-07,0.0297596
1874,0.000559076,8.92199e-08,7.6351e-08,0.0291287
1876,0.000845738,1.20665e-07,1.28201e-07,0.0298555
1878,0.000477327,5.24914e-08,6.62047e-08,0.0285669
1880,0.000525683,1.04999e-07,1.02539e-07,0.0301287
1882,0.000611967,1.78316e-07,1.1308e-07,0.0302258
1884,0.000806677,1.26622e-07,9.17166e-08,0.0315958
1886,0.000477391,8.10123e-08,7.87421e-08,0.0303141
1888,0.000660848,7.33946e-08,1.06034e-07,0.02899
1890,0.000908763,1.70702e-07,1.27701e-07,0.0287555
1892,0.000449092,6.54819e-08,5.01558e-08,0.0304403
1894,0.000605276,4.08166e-08,6.28783e-08,0.0293444
1896,0.000571164,9.49522e-08,6.47204e-08,0.0291594
1898,0.000546435,1.07329e-07,1.19432e-07,0.0291509
1900,0.000724759,1.05686e-07,1.28646e-07,0.030458
1902,0.000474849,9.74796e-08,8.41477e-08,0.0297947
1904,0.000537319,8.55158e-08,4.92546e-08,0.0296529
1906,0.000515471,8.38266e-08,9.06957e-08,0.0290136
1908,0.000752443,9.641e-08,1.78416e-07,0.0310172
1910,0.000848102,1.76537e-07,1.23905e-07,0.0330419
1912,0.000592638,1.18392e-07,7.39892e-08,0.0314127
1914,0.000591843,1.2555e-07,1.15891e-07,0.0277417
1916,0.000481231,8.96234e-08,1.03941e-07,0.0286679
1918,0.000602372,9.20025e-08,6.76239e-08,0.0286079
1920,0.000603235,1.68506e-07,6.46031e-08,0.0289446
1922,0.000580982,7.9181e-08,6.96721e-08,0.0287078
1924,0.000536297,8.42511e-08,7.9237e-08,0.0298118
1926,0.00059153,6.19579e-08,6.43031e-08,0.0281132
1928,0.00060106,1.08694e-07,1.58939e-07,0.0304991
1930,0.000535715,1.04992e-07,8.15776e-08,0.0303169
1932,0.000556502,8.6538e-08,7.4663e-08,0.0304282
1934,0.000509491,6.59411e-08,5.28972e-08,0.0298919
1936,0.000609367,1.05888e-07,1.16406e-07,0.0308815
1938,0.000655327,7.15866e-08,5.93142e-08,0.0289691
1940,0.000534604,1.28529e-07,7.22993e-08,0.0287956
1942,0.000615543,1.23134e-07,7.54771e-08,0.0303153
1944,0.000478807,1.3114e-07,1.98687e-07,0.028961
1946,0.000432815,5.76895e-08,1.195e-07,0.0284027
1948,0.000612552,8.0444e-08,1.178e-07,0.029217
1950,0.000581663,2.09378e-07,1.08773e-07,0.0311342
1952,0.000703352,2.03688e-07,1.19262e-07,0.0313491
1954,0.000563395,1.0402e-07,8.7986e-08,0.0285856
1956,0.000522184,5.96721e-08,4.1074e-08,0.0285684
1958,0.000422845,5.48299e-08,9.04214e-08,0.0278321
1960,0.000606476,3.41672e-08,5.51427e-08,0.0284768
1962,0.000490655,5.38454e-08,9.77426e-08,0.0283095
1964,0.00068137,1.47527e-07,9.63061e-08,0.0292486
1966,0.000613875,8.36052e-08,1.11392e-07,0.0297335
1968,0.000613875,8.36052e-08,1.11392e-07,0.0297335
1970,0.000558137,1.09504e-07,8.8526e-08,0.0303243
1972,0.000528052,1.0747e-07,8.98553e-08,0.0294801
1974,0.000610643,4.83143e-08,5.26019e-08,0.0280003
1976,0.000579552,1.03354e-07,9.97968e-08,0.029501
1978,0.000683099,1.44328e-07,8.60479e-08,0.0287749
1980,0.000574675,7.37661e-08,8.37072e-08,0.0283662
1982,0.000443196,7.45498e-08,7.89718e-08,0.0286449
1984,0.000866293,6.82001e-08,1.04433e-07,0.030915
1986,0.000866293,6.82001e-08,1.04433e-07,0.030915
1988,0.000640364,1.05725e-07,1.04495e-07,0.0307188
1990,0.000931281,7.62599e-08,8.03345e-08,0.0307317
1992,0.000780741,4.48795e-08,8.31266e-08,0.0289068
1994,0.000443734,6.66128e-08,1.11136e-07,0.0291589
1996,0.000487338,8.32731e-08,8.85094e-08,0.029456
1998,0.00050302,8.59095e-08,2.28733e-07,0.0292096
2000,0.000749596,2.01891e-07,1.58735e-07,0.031637
